compared_files,1,2,3,4,5,6,7,8,9,10,11,12,13,14,15,16,17,18,19,20,21,22,23,24,25,26,27,28,29,30,31,32,33,34,35,36,37,38,39,40,41,42,43,44,45,46,47,48,49,50,51,52,53,54,55,56,57,58,59,60,61,62,63,64,65,66,67,68,69,70,71,72,73,74,75,76,77,78,79,80,81,82,83,84,85,86,87,88,89,90,91,92,93,94,95,96,97,98,99,100,101,102,103,104,105,106,107,108,109,110,111,112,113,114,115,116,117,118,119,120,121,122,123,124,125,126,127,128,129,130,131,132,133,134,135,136,137,138,139,140,141,142,143,144,145,146,147,148,149,150,151,152,153,154,155,156,157,158,159,160,161,162,163,164,165,166,167,168,169,170,171,172,173,174,175,176,177,178,179,180,181,182,183,184,185,186,187,188,189,190,191,192,193,194,195,196,197,198,199,200,201
NMG_Julia_2000_dt_5.50e-06_Nx_64_periodic_dtout_1075p_SAV_Julia_2000_dt_5.50e-06_Nx_64_periodic_dtout_1075p,0.0,0.025753931774551042,0.014205676760706906,0.010152212139853012,0.008102500716764799,0.0068754327240308595,0.006073427486454327,0.005507403699202344,0.005077852688043131,0.004732267139204032,0.004442618782970358,0.004193219390055658,0.003974598154005739,0.0037805499865603337,0.0036067197189514873,0.0034498966919444814,0.0033076338444928167,0.003178020313492675,0.0030595329768229916,0.002950933731702806,0.002851196451631182,0.002759454693248687,0.0026749643151146463,0.0025970767082585007,0.0025252200757764115,0.002458885759572221,0.002397618342063428,0.0023410082364895258,0.0022886859449465324,0.0022403174362094795,0.002195600288151744,0.0021542603706575423,0.0021160489307393876,0.0020807399955508807,0.0020481280414889388,0.0020180258962023924,0.001990262850383295,0.0019646829612814253,0.0019411435322348096,0.0019195137535489694,0.0018996734905802786,0.0018815122053069274,0.001864927998189269,0.0018498267577909534,0.0018361214064392065,0.0018237312311103662,0.0018125812896850775,0.0018026018420203855,0.001793727949711342,0.0017858991114192441,0.0017790587463240302,0.001773153927173037,0.0017681350831021457,0.0017639557332375484,0.001760572247413192,0.0017579436307987267,0.00175603132963496,0.0017547990556249032,0.0017542126268339008,0.0017542398232173986,0.0017548502551261683,0.0017560152433400565,0.0017577077093562977,0.0017599020748123733,0.0017625741690570286,0.0017657011440013043,0.0017692613954840403,0.0017732344904782264,0.0017776010995434134,0.0017823429340006608,0.0017874426873681888,0.001792883980650544,0.001798651311122465,0.0018047300042905562,0.0018111061687534897,0.0018177666537141147,0.0018246990089252194,0.0018318914468764165,0.0018393328070509557,0.00184701252210121,0.0018549205858076681,0.0018630475227015616,0.0018713843592435163,0.0018799225964620339,0.0018886541839652205,0.0018975714952471588,0.0019066673042184117,0.001915934762895853,0.0019253673801927233,0.0019349590017546446,0.0019447037907914626,0.0019545962098589573,0.001964631003546641,0.001974803182031706,0.001985108005461383,0.001995540969127772,0.0020060977894019415,0.0020167743903952784,0.002027566891317853,0.002038471594505276,0.0020494849740863995,0.002060603665265963,0.0020718244541967626,0.002083144268417685,0.0020945601678344318,0.002106069336220841,0.0021176690732196243,0.0021293567868219867,0.002141129986306601,0.002152986275618864,0.002164923347172457,0.0021769389760553357,0.0021890310146233543,0.002201197387465341,0.0022134360867234987,0.002225745167754354,0.0022381227451151336,0.002250566988861491,0.0022630761211431365,0.002275648413083467,0.002288282181931037,0.0023009757884696128,0.0023137276346753472,0.0023265361616090652,0.0023393998475320964,0.0023523172062349545,0.0023652867855675614,0.002378307166160881,0.002391376960329475,0.002404494811145311,0.002417659391672381,0.0024308694043532284,0.0024441235805377293,0.0024574206801448602,0.002470759491448646,0.002484138830979303,0.002497557543531197,0.0025110145022685347,0.002524508608921196,0.0025380387940618014,0.002551604017456284,0.002565203268479965,0.0025788355665912503,0.002592499961855384,0.0026061955355104003,0.0026199214005684025,0.0026336767024442206,0.002647460619604682,0.0026612723642316922,0.0026751111828915825,0.002688976357204837,0.0027028672045088195,0.002716783078507967,0.0027307233699045788,0.0027446875070043773,0.0027586749562912606,0.002772685222965266,0.0027867178514384737,0.0028007724257838175,0.0028148485701314442,0.002828945949008405,0.002843064267616846,0.0028572032720464917,0.0028713627494179384,0.0028855425279523477,0.002899742476965038,0.0029139625067793385,0.0029282025685580136,0.0029424626540502526,0.0029567427952515396,0.002971043063975227,0.0029853635713338322,0.0029997044671293857,0.0030140659391518923,0.003028448212385581,0.0030428515481229442,0.003057276242986669,0.003071722627860432,0.0030861910667294226,0.003100681955431947,0.0031151957203237337,0.0031297328168574208,0.0031442937280789624,0.0031588789630443864,0.003173489055159246,0.0031881245604447063,0.0032027860557336607,0.0032174741368007627,0.0032321894164306325,0.0032469325224289787,0.003261704095581013,0.0032765047875624046,0.003291335258807776,0.003306196176342336,0.0033210882115820846,0.003336012038108353,0.0033509683294227254,0.003365957756688252,0.003380980986462974,0.0033960386784323343,0.003411131483146496
NMG_Julia_2000_dt_5.50e-06_Nx_64_neumann_dtout_1075p_SAV_Julia_2000_dt_5.50e-06_Nx_64_neumann_dtout_1075p,0.0,0.025870274173257435,0.014198120228608318,0.010108971394194921,0.008127214879456881,0.006950915279274982,0.006156273146638951,0.005569204400193133,0.005107530368860285,0.004729601186066628,0.004412678357239258,0.004143038049661815,0.0039114505077499145,0.0037111388986195482,0.0035368440260478994,0.0033843651875795455,0.003250301609883976,0.0031318809203700624,0.0030268306239826957,0.0029332763103408896,0.002849660251268183,0.0027746768124297014,0.0027072220870745065,0.0026463552235440895,0.0025912686634864076,0.0025412654069406774,0.002495741467065985,0.002454172126571617,0.002416100952644701,0.002381130813212286,0.002348916360396807,0.0023191576125829814,0.0022915943844831815,0.002266001395688492,0.0022421839421632667,0.0022199740499979853,0.002199227052645677,0.0021798185463364197,0.0021616416865495084,0.0021446047934406995,0.0021286292373457797,0.0021136475777554877,0.0020996019309782767,0.0020864425007837803,0.0020741264258005866,0.0020626166917220128,0.00205188111516205,0.0020418915836999682,0.0020326233650822183,0.0020240545161858904,0.0020161653793758553,0.002008938155200077,0.0020023565415858025,0.001996405430815825,0.0019910706565790157,0.0019863387843031413,0.0019821969387981172,0.0019786326639682807,0.0019756338100011023,0.0019731884440133043,0.0019712847806427985,0.0019699111295204594,0.001969055856948624,0.0019687073594584488,0.0019688540472219884,0.0019694843355606904,0.001970586643027534,0.001972149394745493,0.0019741610298666225,0.001976610012176446,0.0019794848430084206,0.001982774075757821,0.001986466331393698,0.0019905503144637023,0.001995014829171221,0.0019998487951792578,0.002005041262860271,0.0020105814277684687,0.0020164586441611893,0.002022662437438791,0.002029182515410275,0.002036008778323834,0.002043131327629046,0.002050540473460567,0.0020582267408526885,0.002066180874710285,0.002074393843575042,0.0020828568422357517,0.002091561293240464,0.0021004988473741775,0.0021096613831701086,0.002119041005525641,0.002128630043495824,0.0021384210473377237,0.0021484067848785886,0.0021585802372795517,0.00216893459426496,0.0021794632488851408,0.0021901597918774092,0.002201018005687731,0.002212031858211441,0.0022231954963088897,0.002234503239147625,0.0022459495714198976,0.002257529136480347,0.00226923672944526,0.0022810672902917662,0.0022930158969916487,0.0023050777587112813,0.0023172482091064982,0.002329522699737816,0.0023418967936289286,0.002354366158988432,0.0023669265631128832,0.002379573866486127,0.0023923040170880996,0.0024051130449243203,0.00241799705678519,0.0024309522312421818,0.0024439748138872686,0.0024570611128191325,0.0024702074943794873,0.002483410379140783,0.002496666238145854,0.002509971589398717,0.0025233229946048617,0.0025367170561586367,0.002550150414374404,0.0025636197449572027,0.0025771217567088084,0.0025906531894634424,0.0026042108122477773,0.002617791421659194,0.0026313918404554707,0.002645008916349473,0.0026586395210014707,0.0026722805492023177,0.0026859289182391954,0.0026995815674371285,0.002713235457868088,0.002726887572220128,0.0027405349148184152,0.0027541745117907086,0.0027678034113690444,0.0027814186843200255,0.0027950174244958967,0.002808596749498505,0.0028221538014488183,0.0028356857478539317,0.0028491897825645663,0.0028626631268153808,0.002876103030340857,0.00288950677255977,0.0029028716638209015,0.002916195046703306,0.002929474297364271,0.00294270682692815,0.002955890082909775,0.0029690215506656685,0.002982098754866912,0.0029951192609874505,0.003008080676801773,0.003020980653885726,0.0030338168891150324,0.003046587126155252,0.003059289156937782,0.003071920823116406,0.0030844800174988567,0.003096964685447878,0.003109372826246888,0.003121702494425143,0.003133951801036974,0.003146118914890778,0.0031582020637228505,0.0031701995353113346,0.003182109678526271,0.0031939309043111266,0.003205661686591998,0.0032173005631105198,0.0032288461361769665,0.0032402970733398707,0.003251652107969233,0.0032629100397503657,0.003274069735085497,0.0032851301274011506,0.0032960902173587016,0.0033069490729671397,0.0033177058295957747,0.0033283596898865315,0.0033389099235647305,0.003349355867148147,0.0033596969235544965,0.0033699325616077845,0.0033800623154440846,0.0033900857838183055,0.0034000026293136013,0.0034098125774552155,0.003419515415731354,0.003429110992523824,0.003438599215951968,0.0034479800526328462
NMG_Julia_2000_dt_5.50e-06_Nx_128_neumann_dtout_1075p_SAV_Julia_2000_dt_5.50e-06_Nx_128_neumann_dtout_1075p,0.0,0.012804660577344593,0.007182434895141418,0.0054135486833312456,0.004502201171568721,0.003910652202279409,0.003487203945649201,0.0031689090645905618,0.0029225404462481174,0.002728026904261949,0.002572206434840698,0.0024459757668547424,0.002342814587535219,0.002257943099420407,0.0021878008861130546,0.0021297035820337807,0.002081606813428577,0.0020419386403113097,0.0020094782457327764,0.0019832674580348283,0.001962545571916935,0.001946701326363585,0.0019352374567121425,0.0019277444944942026,0.0019238813558665442,0.0019233608950560562,0.0019259390724431444,0.0019314067410875389,0.0019395833203772058,0.0019503118228468143,0.0019634548467030864,0.001978891255076823,0.0019965133433905804,0.002016224355961373,0.002037936257545567,0.0020615676989079383,0.002087042140404465,0.0021142861066357254,0.002143227530050054,0.002173794513718515,0.0022059137829231793,0.0022395096254081183,0.0022745029295602277,0.0023108104214008044,0.0023483441177763052,0.002387011012915116,0.0024267130146228898,0.002467347144580071,0.002508806014101351,0.002550978581910148,0.0025937511936332197,0.002637008893648742,0.00268063698867965,0.0027245228294620464,0.0027685577626152145,0.002812639190513114,0.0028566726638181933,0.002900573920906943,0.0029442707822582726,0.002987704807405355,0.0030308326282845045,0.0030736268861332656,0.0031160767190677296,0.0031581877727931817,0.0031999817354564503,0.003241495504344994,0.003282779676900212,0.003323897093045393,0.0033649210209865076,0.003405933176575762,0.00344702175679577,0.0034882795398649157,0.003529802124220703,0.003571686359664649,0.0036140290036902503,0.003656925616524429,0.003700469691315971,0.0037447520022510453,0.003789860143627896,0.003835878227034788,0.003882886701322287,0.0039309622603990405,0.0039801778062848936,0.004030602438638516,0.004082301446558353,0.004135336283392085,0.004189764510279119,0.004245639699000152,0.004303011289309033,0.004361924396340794,0.004422419582216064,0.004484532603605116,0.004548294095723802,0.004613729275057536,0.004680857633966295,0.004749692652227729,0.004820241542173569,0.00489250504448568,0.004966477291691866,0.005042145756030547,0.005119491297651869,0.005198488327994231,0.005279105101377832,0.00536130414499334,0.005445042833026091,0.005530274104114754,0.005616947312313779,0.005705009190145713,0.005794404888635568,0.005885079044477458,0.005976976810382683,0.006070044773358367,0.00616423167950376,0.006259488884971638,0.0063557704624048455,0.0064530329107073915,0.006551234442404586,0.006650333854745458,0.0067502890247295826,0.006851055100490122,0.0069525824881037064,0.0070548147507778275,0.007157686544502053,0.007261121710090096,0.007365031626977067,0.007469313911300025,0.007573851512666431,0.007678512233982756,0.007783148670084813,0.007887598536528586,0.00799168534185146,0.008095219346069037,0.008197998733779003,0.008299810977540852,0.008400434362615792,0.00849963948824868,0.008597190940677044,0.008692849010767709,0.00878637149307602,0.008877515584298208,0.008966039902749388,0.009051706649168247,0.009134283923100232,0.009213548199074809,0.009289286953812275,0.009361301420975306,0.00942940943472608,0.009493448308660037,0.009553277683474264,0.009608782274433228,0.009659874629569694,0.009706496983459996,0.009748623269021005,0.009786260785577747,0.009819450633948288,0.009848268343291089,0.009872822998923917,0.0098932563024439,0.009909740723217254,0.009922476910884725,0.009931690543534008,0.009937628606917864,0.009940554764048596,0.009940745214528772,0.009938484210513089,0.009934058759121286,0.009927754357122702,0.00991985096286446,0.009910619207272877,0.009900317075194166,0.009889187497247364,0.009877456368122003,0.009865331192250824,0.009853000316846279,0.009840632696252986,0.009828378168975332,0.00981636816256646,0.009804716235739235,0.009793519593543484,0.009782859929450102,0.009772804991633155,0.009763409977804349,0.009754719007650391,0.009746766252927754,0.009739576995901106,0.009733168942229429,0.009727553263679245,0.00972273582069855,0.00971871745314093,0.009715494872347763,0.009713061043404959,0.009711405738100807,0.009710516223468904,0.00971037769710483,0.009710974076169063,0.009712288094861526,0.009714300498838526,0.009716991252986454,0.009720339922626596,0.00972432519321589,0.009728925325225915
NMG_Julia_2000_dt_5.50e-06_Nx_128_periodic_dtout_1075p_SAV_Julia_2000_dt_5.50e-06_Nx_128_periodic_dtout_1075p,0.0,0.012730854866259194,0.007096727407756024,0.005333630823918867,0.004396577388324421,0.0037930161897958945,0.0033747528001967712,0.0030705848025885225,0.0028400958316231683,0.0026593822952460404,0.0025139628482359266,0.0023947682710031798,0.0022958609999525425,0.0022131519598062132,0.0021436816922314104,0.0020852151028035925,0.0020360089452214573,0.0019946730691656617,0.0019600830374800014,0.0019313216842879236,0.0019076371832163412,0.0018884113905128929,0.001873135003383343,0.0018613876290946869,0.0018528216676890288,0.0018471490828596792,0.001844130564462986,0.0018435666131546434,0.0018452901836839431,0.0018491605906797647,0.0018550584353837368,0.0018628813572572358,0.001872540452444053,0.0018839572212403179,0.001897060956157449,0.0019117866085896068,0.0019280727279251308,0.0019458598325964294,0.0019650889615548577,0.001985700431677978,0.0020076327889461914,0.0020308219485931536,0.0020552005252973877,0.002080697358836451,0.00210723724340855,0.0021347408699445574,0.002163124990089574,0.002192302808058624,0.0022221846022526144,0.002252678486815125,0.0022836917270663715,0.002315131742160876,0.002346907602642122,0.0023789315682490246,0.002411120697169873,0.002443398468625643,0.002475696354752776,0.002507955274973427,0.002540126867108662,0.0025721745148899783,0.002604074081389017,0.0026358143119063464,0.002667396917916133,0.0026988362577691325,0.002730158593509916,0.0027614013614232296,0.0027926119504777924,0.002823846386078608,0.0028551679186197016,0.002886645589589122,0.0029183528426295615,0.0029503662368513322,0.002982764306087822,0.0030156265922007546,0.0030490328645687184,0.0030830625229867014,0.003117794168547072,0.0031533053174669923,0.0031896722266557525,0.0032269697970560116,0.0032652715210766113,0.0033046494431477483,0.0033451741068243677,0.003386914442750398,0.003429937685412132,0.003474309154870857,0.0035200919645129686,0.003567346703435624,0.0036161310367659218,0.003666499248720709,0.003718501754118407,0.0037721844322730204,0.0038275881531619304,0.003884748136199027,0.003943693356492736,0.004004445984897463,0.004067020891244026,0.0041314252437360845,0.00419765823989335,0.004265711004947085,0.004335566691532297,0.004407200809217752,0.004480581803387982,0.004555671890069407,0.004632428136740216,0.0047108037597863184,0.004790749588445662,0.004872215624742028,0.004955152611344567,0.005039513506916292,0.005125254763514258,0.005212337304535827,0.00530072711516658,0.0053903953796793505,0.005481318129432824,0.005573475399135367,0.00566684992331547,0.005761425436255236,0.005857184663594962,0.005954107110002005,0.006052166753559719,0.006151329754067246,0.006251552270682971,0.006352778466665128,0.0064549387582414275,0.006557948343805761,0.006661706031255679,0.006766093367226072,0.006870974063252407,0.006976193710618329,0.007081579777103245,0.007186941883727429,0.0072920723662204265,0.00739674713255532,0.007500726832914011,0.007603758360657794,0.007705576701536558,0.007805907143246368,0.00790446784876752,0.008000972785259144,0.008095134986451018,0.008186670111352136,0.008275300246574555,0.008360757884476381,0.008442789995407261,0.008521162100278125,0.008595662240130517,0.00866610473299821,0.00873233360577927,0.008794225590672807,0.008851692582476273,0.008904683464972302,0.008953185231734122,0.008997223348530151,0.00903686130452411,0.009072199457623071,0.009103373071564426,0.009130549609793521,0.009153925496822823,0.009173722350591393,0.00919018283455781,0.009203566261652356,0.009214144085088537,0.009222195407438374,0.009228002630007427,0.00923184735043551,0.009234006598839673,0.009234749483033843,0.009234334336004355,0.009233006191738804,0.009230994968750291,0.009228514045003572,0.009225759300832869,0.00922290860947926,0.009220121722379068,0.009217540500839238,0.009215289442293,0.009213476448236207,0.00921219378185294,0.009211519165865642,0.009211516974910808,0.009212239481374373,0.00921372811879231,0.009216014736382196,0.009219122796920907,0.009223068546014897,0.00922786209387146,0.009233508424010259,0.00924000840854163,0.00924735946303448,0.009255556249645679,0.009264591278813888,0.009274455562575626,0.009285139117600982,0.009296631432188406,0.009308921542370159,0.009321998277564168,0.009335850728267845,0.009350468271298311,0.009365840551661453,0.00938195768745689
NMG_Julia_2000_dt_5.50e-06_Nx_256_periodic_dtout_1075p_SAV_Julia_2000_dt_5.50e-06_Nx_256_periodic_dtout_1075p,0.0,0.006649598092702387,0.004199512387167139,0.003293894278530285,0.0028217997791915475,0.0025424611629642074,0.0023692817403162753,0.0022653195571095235,0.00221404546756572,0.0022087577041790883,0.0022480148690870523,0.002333011257874824,0.002465510365022123,0.002646045058318315,0.0028725374289803323,0.003139728628005882,0.003439872301523041,0.0037646274223324836,0.004107323326015157,0.004464697670288879,0.004837525762282417,0.005229513384851285,0.005644338450394017,0.00608242612913795,0.006539973537244515,0.007011025961271336,0.007490484489611268,0.007975107107539367,0.008461680752462104,0.008944249649818199,0.009413163772572772,0.009857077062401335,0.010266378725407543,0.010635660836357752,0.010964231153376327,0.011255209567352901,0.0115141088648962,0.011747464548374758,0.011961807636307522,0.012163186071457317,0.012357130571721107,0.01254849856700296,0.012740657893082633,0.012934145390342792,0.013125710920654959,0.013308886742758066,0.01347633968442622,0.01362262834693559,0.013745552654017053,0.013845910167210028,0.013926766592698548,0.013992699689705542,0.014048783945325929,0.014099468723632746,0.014147809445377526,0.014195190891080737,0.014241322812485335,0.014284353129811673,0.014321164139693636,0.014348066340389733,0.014362042504207253,0.014362373358301941,0.014351941040056436,0.014337343823924866,0.014327567811045357,0.014331834337192843,0.014357519303993031,0.014408740735799945,0.014485843642684645,0.0145857469634312,0.014702931193061571,0.014830744594722523,0.014962684626124722,0.015093351045532298,0.01521888695461757,0.0153369481205224,0.01544637753345081,0.015546774307729381,0.01563812859482807,0.015720717202341767,0.015795390102531,0.015863939639120344,0.015928908626435378,0.015992880838851708,0.016057983399191966,0.016125794303247537,0.01619728506941981,0.01627262829290867,0.0163509631676688,0.016429950670165325,0.01650486067475005,0.016568175484157996,0.016611606817717586,0.016630629868776756,0.01662808195058122,0.01661281917449054,0.016594464926406868,0.01657936251180296,0.016570366041232784,0.01656889394664328,0.01657682185921601,0.01659717751091537,0.01663390403335167,0.016691431481232026,0.0167744662666841,0.016887604427321994,0.01703347072975524,0.01720747143400951,0.01738914224753653,0.017538495134062585,0.01761352509513533,0.01760413124694759,0.017542590824746507,0.017475603545499183,0.017435460142449493,0.017435704647004027,0.017480110517764845,0.01757070568632687,0.01771161364859689,0.01790982780452079,0.018173192148712977,0.018503914733915848,0.01888554501179417,0.01926738635338636,0.019564183288862565,0.019689911274746695,0.019610185629292537,0.01936612463837309,0.019044575769833517,0.018724882354072915,0.018451024459180426,0.018237132145411828,0.018082542085594292,0.01798093986261023,0.01792291757550506,0.017896258338862537,0.017888622802355245,0.017893850198225845,0.01791578192865419,0.017964236762772805,0.018048268696594687,0.0181734747496551,0.018342694868705014,0.01855649781422236,0.0188118206733311,0.01909999419758374,0.01940842428658366,0.019729339515596134,0.020068829498879587,0.02044341285937864,0.02086658523771721,0.021340254450468978,0.021855725014068583,0.022398402166781555,0.022951696388659393,0.023499363382650417,0.024026755009199995,0.024521386449420673,0.02497305449011092,0.02537368831266513,0.025717097680072132,0.025998751654714432,0.02621566855526637,0.02636643594573297,0.02645130900206612,0.02647225465955829,0.02643274468140396,0.026337120984280545,0.026189680093013094,0.02599441588862401,0.02575675636164654,0.025486561553768824,0.025198949811479153,0.024911953076659374,0.024644007894969528,0.02441272882756025,0.024233180918377038,0.024113429415949322,0.024047007990544364,0.024006297240846467,0.023945895114048415,0.023821673202242606,0.023615506201168198,0.023345561409330803,0.023052442859711614,0.022771724849650746,0.02251605955210221,0.0222813637694788,0.022065468772863712,0.02187599429590392,0.021723036261765288,0.021610647559430807,0.02153574161747827,0.021491519653695536,0.021470730967677123,0.021467276033051035,0.021476588023189237,0.021495460052849455,0.021521725921901585,0.021553979819364945,0.021591381512807428
NMG_Julia_2000_dt_5.50e-06_Nx_256_neumann_dtout_1075p_SAV_Julia_2000_dt_5.50e-06_Nx_256_neumann_dtout_1075p,0.0,0.006636013519265741,0.004212567038362522,0.00331570440064654,0.0028545035334208283,0.002592313950265618,0.0024417848390253776,0.002363370088484816,0.002337696782894973,0.002355741595126582,0.0024142758659200176,0.0025128459515506613,0.002651674365201395,0.002830519645946384,0.0030480046595603673,0.0033009686138889007,0.0035843113504339164,0.003891993049034794,0.004218936243139641,0.004562897456265863,0.004925245623097433,0.005309723446177433,0.005719330621056735,0.006153207339417846,0.006605899599119228,0.007069591319063122,0.007537310990032246,0.008004418699523825,0.008467372601310977,0.00892104478341691,0.009357102446433022,0.009765379390916486,0.010137657026660191,0.01047094324612265,0.010767956168714206,0.011035252386255025,0.011280896728095938,0.011512768121312737,0.011737463263383709,0.011959655942606546,0.012182076024991814,0.012405973873844367,0.012631315659771745,0.012856147852295037,0.013075761891514494,0.013283100499522365,0.013471007955082343,0.013635048989248071,0.013774924032570208,0.01389399648215446,0.013998009558061379,0.01409397707281748,0.014189498253047007,0.014292429279478453,0.014410787613511368,0.014552806281282093,0.014726962629478296,0.014941916537314704,0.01520632694029998,0.015528553099649869,0.01591629309120879,0.016376238061670347,0.01691372032888239,0.017532237120444077,0.018232683062290256,0.01901240106856233,0.019864909469272433,0.020781417716897118,0.02175345548934874,0.02277400912585453,0.02383634324801693,0.02493249086033133,0.02605300225798472,0.027187789743185007,0.0283273144742242,0.02946361169168426,0.030590943903052052,0.03170602538436551,0.03280783987301466,0.03389713198326641,0.0349756768060124,0.0360453575267162,0.037107127063267874,0.038160275041646756,0.03920243724753588,0.04023015060486584,0.04123937761350609,0.042225700277271225,0.04318430592393736,0.04411003755170035,0.044997650873059215,0.04584221561496989,0.04663951804254512,0.04738638277018563,0.04808091313965186,0.04872266135706163,0.04931270850630016,0.04985362002168384,0.05034925983606365,0.05080446627677536,0.05122459999660154,0.0516149834861453,0.05198027710958585,0.05232388067401224,0.052647450179977566,0.05295047140092981,0.05322945551660184,0.05347607365757933,0.05367495046002572,0.053805900184202594,0.05385518115553995,0.053827211672914495,0.053742155862491856,0.0536238038776938,0.05349246664444664,0.05336499806267895,0.05325623231127185,0.05317910864304543,0.053143975001463756,0.05315808874467172,0.05322543527616682,0.05334578608809438,0.053511531060254754,0.053703030902615495,0.05388860873329707,0.054035965427537476,0.0541289988444561,0.054174598413885576,0.054194963143816305,0.054213925651862574,0.054247118313015756,0.054300343204874715,0.05437319161503134,0.054462782384131374,0.054565682874973556,0.0546785712139265,0.05479843005500024,0.0549226274339054,0.05504897361356778,0.055175762688486854,0.05530179140014327,0.05542634630330996,0.05554915923625254,0.055670343080639555,0.05579032562512174,0.05590979562239209,0.05602966818983799,0.0561510736565407,0.05627537268580845,0.05640419601216218,0.05653949040844109,0.05668350343961426,0.056838524632439734,0.05700600638475802,0.05718460467672997,0.0573674462034657,0.0575411839122713,0.05769054089625174,0.05780720849219554,0.05789557853305695,0.05797002436639012,0.0580464107905936,0.058134876706337636,0.058238074321627,0.05835315105342697,0.05847453151573591,0.05859712398402966,0.05871931721024589,0.05884292925518663,0.05897017174639926,0.05910192607998532,0.05923879607739787,0.05938209096129993,0.05953326336498989,0.059693170777848685,0.05986209239817818,0.060040118126681356,0.060227454913566666,0.060424568115140215,0.060632222217233855,0.060851461135382416,0.061083493700286984,0.061329364661458434,0.06158923251488271,0.06186124170914741,0.062140734821538,0.06242159625586757,0.06270057318720951,0.06298130922061493,0.0632734301911176,0.06358769592393447,0.06393247511005362,0.06431368099711829,0.06473642025678152,0.06520645788088274,0.0657308222911152,0.06631732502057633,0.06697251491506473,0.06769752415494866,0.06848268541946378,0.0693048846734962
NMG_Julia_2000_dt_5.50e-06_Nx_64_periodic_dtout_1050p_SAV_Julia_2000_dt_5.50e-06_Nx_64_periodic_dtout_1050p,0.0,0.03140853582513882,0.018414105579554377,0.013523422599676918,0.010985325798102248,0.009488988562375029,0.008546607076850996,0.00792182417339091,0.0074842290288041555,0.007158992714122012,0.006903076536057227,0.006691812326664931,0.0065110096482255,0.006352374134112443,0.006210906502163422,0.00608345218077111,0.005967901712502897,0.005862752235215563,0.0057668665471581814,0.005679339115415844,0.0055994198857170835,0.005526468877205378,0.0054599275706300405,0.005399300009325116,0.005344139511276088,0.005294039062814452,0.005248624293367631,0.00520754836778348,0.005170488341781288,0.005137142631215924,0.005107229308037213,0.005080484982559051,0.0050566640735318705,0.005035538307309098,0.00501689632475714,0.005000543308292487,0.004986300570516403,0.004974005069825623,0.004963508837077836,0.004954678311241072,0.004947393591560242,0.0049415476198493916,0.004937045309800115,0.004933802641373596,0.004931745738016684,0.00493080994311364,0.0049309389101511334,0.004932083718838655,0.004934202027108805,0.004937257266674531,0.004941217887739349,0.0049460566565991205,0.0049517500082646715,0.004958277454878231,0.0049656210799685985,0.004973764987159473,0.004982694885318868,0.004992397766344258,0.005002861539185627,0.005014074741228474,0.005026026290533536,0.0050387052757178375,0.0050521007802743455,0.005066201738193642,0.005080996817858423,0.005096474331317016,0.005112622166198282,0.00512942773769857,0.005146877958246369,0.005164959222628798,0.005183657406538716,0.005202957876674525,0.005222845510688692,0.005243304725438657,0.005264319512142242,0.005285873477176258,0.005307949887386222,0.00533053171889099,0.005353601708473038,0.005377142406741462,0.005401136232341326,0.005425565526559529,0.005450412607745668,0.005475659825025902,0.005501289610840225,0.005527284531878014,0.00555362733802563,0.0055803010089733466,0.005607288798156063,0.005634574273726888,0.005662141356282523,0.005689974353076669,0.005718057988472707,0.00574637743040036,0.005774918312593005,0.005803666752394068,0.005832609363933057,0.0058617332664840215,0.005891026087832599,0.005920475962493493,0.005950071524637227,0.005979801895605175,0.006009656665914502,0.006039625871681619,0.00606969996542174,0.00609986978121711,0.006130126494284109,0.006160461575012644,0.006190866737597698,0.006221333883435381,0.006251855039511333,0.006282422292069999,0.00631302771591727,0.006343663299776734,0.00637432086819065,0.006404992100675751,0.006435668150416094,0.006466339855436801,0.006496997554958114,0.0065276310039203735,0.006558229288571916,0.006588780744066805,0.006619272875107894,0.006649692280723682,0.006680024584305194,0.006710254370053063,0.006740365126998164,0.00677033920175362,0.006800157761136998,0.006829800765763666,0.006859246955657297,0.0068884738488478635,0.006917457753833988,0.006946173796673354,0.006974595963333404,0.007002697157785035,0.007030449276155949,0.007057823297080701,0.007084789388191427,0.007111317028490141,0.007137375146134644,0.007162932270955045,0.007187956700804594,0.0072124166806348125,0.007236280542102769,0.007259516980664007,0.007282095339603104,0.0073039856472252454,0.007325158912752211,0.007345587347738891,0.0073652445874494744,0.007384105909895627,0.0074021484501741045,0.007419351407724988,0.0074356962441474135,0.007451166869255216,0.007465749813132545,0.007479434382057082,0.0074922127962964245,0.0075040803079506856,0.007515035297207959,0.007525079345598697,0.007534217285077426,0.007542457222022938,0.007549810535524994,0.007556291849619064,0.007561918979429715,0.007566712851489247,0.007570697398804281,0.007573899431543542,0.0075763484845137,0.00757807664286937,0.007579118347765389,0.007579510183898548,0.007579290651100627,0.0075784999223284496,0.007577179590548754,0.007575372407132862,0.00757312201445615,0.007570472675439141,0.007567469002771551,0.00756415569052531,0.007560577250790547,0.007556777757860528,0.007552800602351341,0.007548688257467864,0.007544482059430065,0.007540222003849664,0.007535946559605282,0.007531692501506193,0.007527494762768496,0.007523386308053032,0.007519398027540516,0.007515558652248088,0.007511894690528881,0.00750843038544323,0.007505187692454243,0.0075021862766823585,0.00749944352875538,0.0074969745981157505,0.007494792442498701
NMG_Julia_2000_dt_5.50e-06_Nx_512_periodic_dtout_1075p_SAV_Julia_2000_dt_5.50e-06_Nx_512_periodic_dtout_1075p,0.0,0.005690282499134997,0.004433768160247735,0.005557619540039046,0.008992243306069648,0.014058725908355245,0.019992540083277437,0.026033808834998312,0.03130137786788588,0.03559310155030915,0.03914200904517504,0.04195306182785161,0.04387955083179614,0.0448006250975804,0.045162270239256286,0.04555635385725071,0.04576427388945583,0.04561093161426314,0.04540580177516981,0.04545267931523711,0.04577319652689334,0.04589346611993234,0.045489411198470324,0.044309331384846516,0.0428355754134504,0.04200346946583872,0.04162695805492084,0.04128719629500962,0.04047231997296973,0.03893418959353701,0.03714775216473358,0.03555146670254076,0.0338373169426237,0.03124756657099095,0.028699556846563227,0.02666714981201943,0.02445284385422371,0.02290600546955271,0.022102835973830864,0.021781842234082784,0.021934106487859692,0.022247983938623376,0.022209680216671548,0.02253668319843204,0.022639577214545945,0.022597593522022265,0.022901395202491803,0.02357645503047159,0.024884139773971983,0.026441112223503215,0.02736056229411806,0.027902441030956248,0.028765009165337974,0.030374329182426794,0.031914918583463105,0.03270279389574559,0.03275504642034945,0.03239971397559802,0.03252145711289058,0.03302948531824264,0.03411083814266635,0.034770407137488045,0.03471930671815652,0.0341765970190427,0.03390274559533024,0.03451950147530227,0.035347344930045106,0.036015702610908605,0.035925979030194455,0.03484452746548436,0.03430858050926761,0.03494073895011954,0.036224103649764215,0.037413897065605085,0.03825557345702265,0.03813687012524875,0.03702369545287745,0.03613054887561106,0.03614911994780322,0.03678955230139206,0.03773605956668955,0.0394390075517124,0.04140808094466506,0.04301030659946806,0.04414508888599232,0.0448260986653172,0.04524417239323251,0.0449598911656896,0.04452377451922969,0.044344615303913676,0.04414474493843659,0.043308013594404546,0.04192517341516586,0.04064771533934154,0.040065019755801574,0.039314944021306655,0.038198542161204496,0.036933889847720135,0.0358491065080861,0.03520611678303429,0.03488926119896093,0.03486059761442873,0.03511973708300409,0.03523102189175817,0.03532788095879918,0.035979414377806364,0.036269337391272444,0.036000862692262305,0.035562460269057586,0.03561824108348799,0.035937463476346854,0.03649713520970496,0.038155813817397785,0.04031880785731875,0.041454092009338785,0.04146646867052556,0.04142747630156075,0.041599408405616156,0.04182548724057553,0.04202485424822366,0.04216279941373339,0.042227511526859274,0.042223758316095386,0.0421788910693914,0.042161754638930286,0.04202680791971159,0.04149506211572159,0.040963449806200265,0.04045542907655557,0.039900459847097246,0.03926748784279385,0.03853025213597425,0.03766175426349251,0.036730521518645184,0.03614137067234542,0.03610054562516982,0.03655233418181631,0.037667496978961004,0.03943010501030224,0.04057273238102947,0.04118526843366459,0.041925607711321033,0.04297416504113087,0.0441982904238041,0.045557766912358466,0.04739852002699523,0.04940449072337655,0.05168274488735057,0.05444202360440752,0.05698418874861636,0.05878098467082177,0.05999834106800639,0.0608694010813781,0.06158877151684792,0.0623708028352692,0.06343929503077564,0.06450993800880205,0.0654068136515094,0.06617246882473594,0.06652900365177204,0.0665590252472619,0.06665219573141849,0.06750211237682369,0.06889417688238333,0.06948845604997302,0.06930360538544954,0.06855381980415505,0.06730686760108467,0.06561654807860977,0.06372884530659807,0.06212375262882577,0.06083245322504462,0.059679750382677955,0.058607385097943374,0.0576632296937463,0.056944078294042536,0.05624228991853538,0.05532720789633705,0.0541783869753278,0.0525342215145889,0.05063658620592052,0.04937973461280239,0.048829075730193766,0.04799792442893052,0.04664854257043178,0.04493614674144353,0.043446661798092215,0.04311165452928579,0.04317009886389434,0.04310984999552426,0.04291694391849869,0.04253676649461638,0.041917582742423166,0.04106564326957386,0.04026538669312715,0.040112709633907964,0.04048525374829294,0.04107258244697505,0.04175775106551561,0.04251269946776833,0.04335247459098866
NMG_Julia_2000_dt_5.50e-06_Nx_512_neumann_dtout_1075p_SAV_Julia_2000_dt_5.50e-06_Nx_512_neumann_dtout_1075p,0.0,0.00566088379566203,0.004449683887922822,0.005714044843645504,0.009272155017487857,0.014297216730692622,0.020111850442382107,0.0260305799478334,0.03117678253097757,0.03534111439501194,0.03878604001778845,0.04130602147261456,0.04292704935500101,0.04380588550973216,0.0442552941477019,0.044733675060903096,0.045146638359168434,0.04533306472865995,0.04563791503126377,0.046231720539141354,0.04665094823679681,0.046299223623164014,0.04535137741293166,0.04422831352327797,0.04318209998911336,0.04262448059408104,0.04275030191426719,0.04333964186445107,0.04370401784405641,0.04366978486783726,0.04342189111221334,0.0430831835389435,0.04264977408674062,0.042292211774234256,0.04255807981111143,0.04315512038086743,0.04285165226463581,0.041816581501085755,0.040621472883762756,0.039738034084253575,0.03945347845416684,0.03959167931753843,0.03924714918099656,0.03854745144496442,0.03714335604228214,0.03560941868077733,0.03479538352037085,0.03445223512590452,0.03446918956162088,0.03482729201531715,0.034563313824482966,0.03379239055203258,0.03336022436772368,0.03334335589032773,0.03355623601159729,0.03360585455758989,0.03327271919288505,0.03191410363553649,0.030708036100474186,0.03052505446572874,0.030989750179795453,0.03140742015118413,0.03165920403108743,0.03160268642282347,0.03153414062322657,0.03189130043190422,0.03261711711362181,0.033369147670837665,0.03333654792745745,0.03255380462495165,0.03190552127552803,0.03211344785934398,0.03273015832653958,0.03363529913824499,0.03479139806889292,0.035070141918142436,0.03514944660208027,0.0360897221383937,0.037807261471341884,0.03924897638438798,0.040532232250794574,0.042593971342843366,0.04497669018875164,0.04716032802425681,0.0487849275065802,0.049560595007020425,0.05026712704432345,0.050687818734662896,0.050854615271360655,0.05091493729769968,0.050559515420773284,0.049659758247254215,0.04872399570668976,0.04794197869784058,0.047661447034336404,0.047637065012501936,0.047816145672341,0.04833592003839726,0.04941678427863174,0.050218488732488395,0.05021055970691898,0.049632416619706576,0.04891999014481065,0.04843007048613289,0.04815537071547455,0.04796091788598761,0.04791790399442995,0.04841437618016024,0.04904763242531356,0.04942027936608768,0.04949425518484504,0.049568818821817615,0.04963988150521005,0.04939996040120741,0.048653280197026666,0.047537918747028125,0.04656054383693394,0.045772670226501624,0.045293324892937234,0.044997879038519144,0.04475193903825681,0.044553967840179474,0.04446666244591429,0.04459710227240929,0.04503987872217555,0.045517303714302924,0.045669321444336886,0.04581580711583637,0.04595147974011222,0.04601501748411163,0.04599504699305557,0.04590190946045825,0.045790846008044166,0.0459036762153302,0.046582475239452206,0.04735244931668151,0.048111260689673335,0.048806442025498296,0.04914574113584011,0.048533528944574106,0.0476432107352619,0.04683869094424796,0.046016847686490066,0.04515588480591044,0.044119551075649494,0.043190868591311674,0.04261581219785072,0.04226721422576243,0.04207691924849258,0.042041820641523675,0.04218975968433886,0.042600524695176244,0.04345703624138916,0.04469430496439745,0.045795736217191324,0.04697136510579023,0.04802666171798306,0.049098385650279915,0.05034453193326729,0.0512193239111472,0.051730498251609455,0.052299414451486,0.05360395580386191,0.05536064434899102,0.05666420997970637,0.05763148031551055,0.05868338647595446,0.06007290113964912,0.06138963563658985,0.06239659588671247,0.06291387439298385,0.06291286758517974,0.06256521939902412,0.06201835296647458,0.061467584548506385,0.061161709697290165,0.06077289983045607,0.05988160819817375,0.05851834972003908,0.05633075479137131,0.05375914170568066,0.05175387035911104,0.05030388063349375,0.04905541704827189,0.0478228432950928,0.04652091261536364,0.04522333361803437,0.044231168465870566,0.04355294895146774,0.04302876492415362,0.042594199281821635,0.042234728113388145,0.041958616084061116,0.041795007414132335,0.04178438203204071,0.04194546310292911,0.04232526944857367,0.042953603554131935,0.043712321782382754,0.044536947507566704,0.0454396773442585
NMG_Julia_2000_dt_5.50e-06_Nx_64_neumann_dtout_1050p_SAV_Julia_2000_dt_5.50e-06_Nx_64_neumann_dtout_1050p,0.0,0.03116033178697679,0.01860028187703304,0.01375995424178113,0.01120316601286346,0.00967746955516017,0.008708225142819817,0.008063564288221484,0.007612645243480534,0.007278497625920388,0.00701600936292904,0.006799088905683875,0.006612782181017777,0.006448514303922954,0.006301297831940999,0.006168134130270466,0.006047115383897024,0.005936928323709389,0.005836585202501598,0.005745279817402789,0.005662313182937794,0.0055870561642666515,0.005518931446594313,0.0054574051602885015,0.005401982971168654,0.0053522079583995606,0.005307658983527135,0.005267948994759791,0.005232723091009566,0.005201656350969693,0.005174451505498094,0.005150836549080687,0.005130562377480654,0.005113400519824869,0.005099141012630015,0.005087590541347239,0.005078570383653731,0.005071915081926713,0.005067470998069906,0.005065095053394935,0.005064653651092792,0.005066021739600006,0.005069082001474548,0.00507372415291394,0.005079844340015428,0.005087344619084488,0.0050961325095958965,0.005106120609706431,0.005117226265447757,0.005129371285860278,0.005142481697346946,0.005156487531426844,0.005171322640855066,0.0051869245397572865,0.005203234264012776,0.005220196248622211,0.005237758219224084,0.005255871095289709,0.005274488902838239,0.005293568694779447,0.0053130704772205856,0.005332957140270623,0.005353194392045586,0.005373750694727892,0.0053945972016644595,0.005415707694605298,0.005437058520290478,0.005458628525690407,0.005480398991293217,0.005502353561918056,0.005524478174611493,0.0055467609832611665,0.005569192279633065,0.00559176441061039,0.005614471691479449,0.005637310315175524,0.005660278257465163,0.005683375178103536,0.0057066023180649215,0.0057299623930006085,0.005753459483131141,0.00577709891983001,0.0058008871691996155,0.005824831712982072,0.005848940927182278,0.005873223958811758,0.005897690601186611,0.005922351168233271,0.005947216368269502,0.005972297177737934,0.005997604715372957,0.006023150117280917,0.006048944413408334,0.006074998405862954,0.006101322549540044,0.006127926835489459,0.006154820677440582,0.006182012801882409,0.006209511142073492,0.00623732273633425,0.006265453630952575,0.00629390878801024,0.006322691998418092,0.006351805800427061,0.006381251403864525,0.006411028620330127,0.006441135799569785,0.0064715697722365385,0.006502325799236183,0.006533397527848935,0.006564776954812132,0.006596454396546094,0.0066284184667009215,0.0066606560612013895,0.006693152350963773,0.006725890782456559,0.006758853086272861,0.006792019293876802,0.006825367762676879,0.0068588752095683795,0.0068925167530691275,0.006926265964152587,0.006960094925854716,0.006993974301697738,0.007027873412934217,0.0070617603245674895,0.007095601940050932,0.007129364104507366,0.007163011716242066,0.007196508846248959,0.007229818865330456,0.007262904578368035,0.007295728365192825,0.0073282523274183125,0.00736043844050789,0.007392248710263673,0.007423645332839546,0.007454590857304428,0.0074850483497109765,0.007514981557565126,0.007544355073541849,0.007573134497255484,0.007601286593870753,0.007628779448331807,0.007655582613995236,0.007681667254475577,0.0077070062775528875,0.007731574460046334,0.0077553485626283844,0.007778307433637759,0.007800432101046811,0.007821705851845395,0.007842114298220505,0.007861645430034502,0.007880289653234607,0.007898039813957012,0.007914891208224733,0.007930841577269412,0.00794589108863898,0.007960042303378385,0.007973300129692376,0.007985671763611939,0.00799716661729225,0.008007796235666324,0.008017574202265038,0.008026516035090863,0.008034639073497926,0.008041962357085326,0.008048506497654508,0.008054293545312976,0.008059346849828826,0.008063690918350568,0.008067351270607329,0.008070354292695356,0.00807272709053753,0.008074497344075136,0.00807569316321618,0.00807634294652039,0.00807647524355189,0.008076118621774675,0.00807530153880409,0.00807405222076237,0.008072398547415982,0.008070367944699732,0.008067987285156876,0.008065282796746774,0.008062279980393279,0.008059003536567291,0.00805547730111715,0.008051724190481968,0.008047766156344319,0.008043624149701993,0.008039318094264124,0.00803486686900444,0.008030288299634548,0.008025599158694786,0.008020815173896814,0.008015951044294586,0.008011020463806902,0.008006036151564675,0.00800100988851507
NMG_Julia_2000_dt_5.50e-06_Nx_64_periodic_dtout_1025p_SAV_Julia_2000_dt_5.50e-06_Nx_64_periodic_dtout_1025p,0.0,0.026905869267470635,0.01448498227478031,0.010221808082227163,0.008019796582871481,0.006652075527438688,0.005712804677958193,0.0050270302390616,0.004505714928493962,0.00409807632108457,0.0037725416185631746,0.0035081781777340612,0.00329047268036312,0.003109050011516048,0.002956321609191133,0.002826625720806384,0.00271565628350968,0.002620075828296192,0.002537251026592547,0.0024650711045031207,0.002401822104727051,0.0023460984846823845,0.0022967395445791165,0.002252782342936437,0.002213425543296769,0.0021780013279878775,0.0021459524648687997,0.0021168135655606434,0.0020901955371363423,0.002065772613475535,0.0020432715234176145,0.00202246245512011,0.002003151539978146,0.0019851746227772626,0.001968392117224616,0.0019526847726999968,0.0019379502014044384,0.0019241000360766725,0.0019110576074456965,0.001898756047671573,0.0018871367412041113,0.0018761480577874337,0.0018657443138276296,0.0018558849181363735,0.001846533666315038,0.0018376581549170322,0.0018292292921953848,0.0018212208868766619,0.0018136093001599937,0.0018063731491638167,0.001799493052463022,0.0017929513884787278,0.0017867320917699893,0.0017808206690175538,0.0017752038100584244,0.0017698693520600613,0.0017648061647573805,0.0017600040484477848,0.0017554536430988835,0.0017511463471973664,0.0017470742451849092,0.0017432300424999184,0.0017396070073822235,0.0017361989187092738,0.0017330000192242816,0.001730004973592118,0.0017272088307820521,0.0017246069903307094,0.0017221951720848535,0.001719969389063773,0.001717925923117779,0.0017160613030898105,0.0017143722852165121,0.0017128558355303874,0.0017115091140484685,0.0017103294605529536,0.0017093143817896834,0.0017084615399271595,0.0017077687421348407,0.0017072339311541374,0.0017068551767485812,0.0017066306679318017,0.0017065587058827138,0.001706637697467118,0.0017068661492942922,0.0017072426622444445,0.0017077659264108493,0.001708434716406804,0.0017092478869931073,0.0017102043689872645,0.001711303165420641,0.0017125433479129712,0.0017139240532384164,0.001715444480060146,0.0017171038858132196,0.0017189015837184593,0.001720836939912203,0.0017229093706785696,0.001725118339773039,0.0017274633558274056,0.001729943969827845,0.0017325597726582853,0.0017353103927035044,0.0017381954935060692,0.0017412147714729364,0.0017443679536274293,0.0017476547954037,0.0017510750784805738,0.0017546286086525574,0.0017583152137359947,0.0017621347415087594,0.001766087057681924,0.0017701720439026044,0.0017743895957864678,0.0017787396209796517,0.0017832220372492452,0.0017878367706017097,0.0017925837534288032,0.0017974629226811042,0.0018024742180682222,0.00180761758028591,0.0018128929492700493,0.0018183002624768355,0.0018238394531898728,0.0018295104488533955,0.0018353131694323276,0.0018412475257986033,0.0018473134181442533,0.001853510734421122,0.0018598393488073303,0.001866299120200904,0.0018728898907401242,0.001879611484351519,0.001886463705325269,0.0018934463369181178,0.0019005591399846435,0.0019078018516365425,0.0019151741839308427,0.0019226758225867025,0.001930306425732005,0.00193806562267954,0.001945953012733466,0.0019539681640266485,0.0019621106123893237,0.0019703798602495434,0.001978775375566359,0.001987296590796098,0.0019959429018926444,0.0020047136673423853,0.0020136082072346973,0.002022625802368763,0.0020317656933977147,0.0020410270800110242,0.002050409120156022,0.0020599109292997585,0.002069531579732167,0.0020792700999118486,0.0020891254738552166,0.0020990966405709057,0.002109182493540004,0.0021193818802437547,0.002129693601740067,0.002140116412290001,0.0021506490190356894,0.0021612900817312526,0.0021720382125275557,0.0021828919758130456,0.002193849888111367,0.002204910418037488,0.0022160719863138427,0.002227332965847457,0.0022386916818700627,0.0022501464121418963,0.002261695387220861,0.0022733367907982432,0.002285068760102089,0.00229688938636943,0.002308796715388432,0.002320788748111288,0.0023328634413390292,0.002345018708478615,0.0023572524203732165,0.0023695624062063094,0.0023819464544795692,0.002394402314065204,0.0024069276953325894,0.0024195202713491013,0.002432177679155032,0.002444897521111948,0.002457677366323742,0.0024705147521299447,0.0024834071856696402,0.002496352145515073,0.002509347083373063,0.002522389425852729,0.0025354765762971385,0.0025486059166769616,0.0025617748095430816,0.0025749806000357352,0.0025882206179467433,0.0026014921798317697
NMG_Julia_2000_dt_5.50e-06_Nx_64_neumann_dtout_1025p_SAV_Julia_2000_dt_5.50e-06_Nx_64_neumann_dtout_1025p,0.0,0.027170653102882275,0.01453315314589021,0.010181008148695332,0.008042079060781042,0.006780758070530214,0.005938994630908319,0.005327750468150269,0.004857450746941453,0.0044807778041621935,0.004170498984493665,0.0039098203260452295,0.003687748052184327,0.0034966768926479497,0.0033310679936137213,0.0031867005584150956,0.0030602382150045114,0.002948971863523714,0.0028506620437725666,0.002763437449001202,0.002685725297855062,0.0026161998761396123,0.002553742347577162,0.0024974078808221232,0.0024463978694239203,0.0024000363870007517,0.0023577501704135037,0.0023190516782696682,0.002283524848867712,0.0022508132136301214,0.0022206100420290066,0.002192650215195117,0.002166703551307501,0.002142569335748792,0.0021200718407964583,0.0020990566511940078,0.0020793876416957307,0.0020609444795820038,0.002043620548701184,0.002027321211696135,0.002011962343868548,0.001997469085922474,0.001983774773982147,0.0019708200141914764,0.0019585518762463006,0.0019469231857301274,0.0019358918994141839,0.0019254205509994637,0.0019154757334731395,0.0019060276796334825,0.001897049952976191,0.001888518949543546,0.0018804136381890752,0.0018727152741223748,0.001865407141453451,0.0018584743218902748,0.0018519034870819536,0.0018456827123744675,0.0018398013099743416,0.0018342496797094045,0.0018290191757422414,0.0018241019877388734,0.0018194910351252867,0.001815179873181501,0.0018111626098300426,0.001807433832072697,0.001803988541119069,0.001800822095333566,0.0017979301602025217,0.0017953086645952463,0.0017929537626559398,0.001790861800725223,0.0017890292887436164,0.0017874528756422782,0.0017861293282709317,0.0017850555134578609,0.0017842283828354015,0.0017836449601000646,0.0017833023304108047,0.0017831976316572365,0.0017833280473589098,0.0017836908009801415,0.0017842831514689246,0.0017851023898478415,0.0017861458367047168,0.0017874108404467956,0.0017888947761982492,0.0017905950452335622,0.0017925090748537812,0.001794634318621149,0.0017969682568803784,0.0017995083975021343,0.0018022522767932852,0.0018051974605255586,0.001808341545040788,0.001811682158396804,0.0018152169615233,0.001818943649361381,0.0018228599519653208,0.0018269636355475985,0.0018312525034526494,0.001835724397046929,0.0018403771965155881,0.0018452088215584316,0.0018502172319795065,0.001855400428166272,0.0018607564514565164,0.0018662833843911015,0.0018719793508531594,0.0018778425160941013,0.0018838710866484628,0.0018900633101394113,0.001896417474978359,0.0019029319099613917,0.0019096049837663543,0.001916435104354772,0.0019234207182824768,0.001930560309923115,0.0019378524006095311,0.0019452955476968576,0.0019528883435521217,0.001960629414475332,0.001968517419555574,0.001976551049467592,0.0019847290252125414,0.001993050096807697,0.0020015130419290973,0.002010116664511334,0.002018859793308626,0.0020277412804209248,0.00203675999978908,0.0020459148456627428,0.0020552047310444257,0.0020646285861134505,0.0020741853566332816,0.002083874002345037,0.002093693495351042,0.0021036428184910473,0.0021137209637143136,0.00212392693045053,0.00213425972398229,0.0021447183538221347,0.002155301832096663,0.0021660091719404194,0.0021768393859022675,0.0021877914843665483,0.0021988644739918684,0.002210057356169596,0.0022213691255046895,0.002232798768321229,0.0022443452611946514,0.0022560075695136623,0.0022677846460733265,0.0022796754297021425,0.0022916788439249773,0.0023037937956643315,0.002316019173981748,0.0023283538488618506,0.002340796670040943,0.002353346465882274,0.0023660020423000206,0.002378762181734202,0.0023916256421780855,0.002404591156260652,0.0024176574303855706,0.002430823143928708,0.002444086948496216,0.0024574474672446013,0.002470903294264929,0.002484452994032507,0.002498095100923876,0.0025118281188025423,0.0025256505206749844,0.0025395607484181154,0.002553557212579899,0.0025676382922536806,0.0025818023350279635,0.00259604765701209,0.002610372542938996,0.0026247752463454455,0.0026392539898306036,0.0026538069653930982,0.0026684323348471176,0.002683128230317305,0.0026978927548127747,0.002712723982879551,0.0027276199613315085,0.0027425787100587044,0.0027575982229126757,0.0027726764686674395,0.0027878113920550606,0.0028030009148745714,0.0028182429371719454,0.002833535338490076,0.0028488759791862345,0.002864262701814495,0.002879693332571204,0.002895165682800235,0.002910677550555285,0.0029262267222159364,0.0029418109741542946
NMG_Julia_2000_dt_5.50e-06_Nx_128_neumann_dtout_1050p_SAV_Julia_2000_dt_5.50e-06_Nx_128_neumann_dtout_1050p,0.0,0.016837287064651936,0.010635845578215054,0.00842302555108925,0.00731510704924753,0.006666582827016073,0.006251397294607993,0.005973934546383844,0.005786719956121857,0.005662906829433615,0.005585831006014968,0.005544430242709913,0.005530973739587863,0.00553983801813558,0.0055668070529117375,0.005608650638346705,0.005662857445823489,0.005727457135717456,0.005800896031520783,0.005881946922980597,0.005969642094232333,0.006063223292723515,0.006162104770075396,0.00626584672081481,0.006374136537787302,0.006486776088207936,0.006603672015704041,0.006724826755818596,0.006850327725302837,0.006980332573854299,0.0071150490882081405,0.007254709162764942,0.007399537632368044,0.007549717324833496,0.007705352909697104,0.007866436440179448,0.008032817535619286,0.008204181161187624,0.008380034576172446,0.008559704773888718,0.008742346595598744,0.00892696048847735,0.009112418260852956,0.009297494602917076,0.00948090194545285,0.009661326309282814,0.00983746228927792,0.01000804600337628,0.010171885182493625,0.010327886260666429,0.010475078410173897,0.010612634464739933,0.01073988857055095,0.010856350367519974,0.010961715701467456,0.011055873413097026,0.01113890891747369,0.011211103697103549,0.011272929305897312,0.011325034116822254,0.011368220538849423,0.011403411381893231,0.011431606029582292,0.011453829628348067,0.011471080710159608,0.01148428368268312,0.01149425199955603,0.011501666024446269,0.011507066583890647,0.011510862332384178,0.011513347587356199,0.011514725524537143,0.011515132033840449,0.011514656512828268,0.011513357532726769,0.01151127313165975,0.011508427007584685,0.011504832741160152,0.011500498219893471,0.01149543174691917,0.011489650197496759,0.011483188409238171,0.011476108247400458,0.011468505723138718,0.011460513909347974,0.011452302460517724,0.01144407187806912,0.01143604540249669,0.01142845701745452,0.011421538820073136,0.011415512427456767,0.011410578315466607,0.011406910499660819,0.011404655619430411,0.011403932328661878,0.011404829791842467,0.011407407903305819,0.011411703128445673,0.011417731690642295,0.011425495258633196,0.01143498428332403,0.011446177387391098,0.011459045967860142,0.011473557210051208,0.011489677187869128,0.011507369779481134,0.01152660070114457,0.011547340235399913,0.01156956051483703,0.01159323351157218,0.01161833472406101,0.01164484298147598,0.011672739760528088,0.011702008315777517,0.01173263403151716,0.011764603644698383,0.0117979052273282,0.011832526711488664,0.011868452522602256,0.011905664439547305,0.011944139591378716,0.011983848857290648,0.012024752134301698,0.01206679648622359,0.012109913459754457,0.012154014508838438,0.012198987609909983,0.012244692052016205,0.012290952203717197,0.01233755268311431,0.012384232292918204,0.012430676336376251,0.012476511371112838,0.012521301438196988,0.012564545962148928,0.012605681489964254,0.012644089356792199,0.012679106267218155,0.012710046158833067,0.012736230263353418,0.012757023475309763,0.01277188301118942,0.012780406865651989,0.012782382364388181,0.012777834501736605,0.012767048029971,0.012750580445280406,0.012729252998469784,0.012704113978063382,0.012676384244118244,0.012647386513951126,0.01261847008562997,0.012590932625527945,0.012565955276134782,0.012544556875739287,0.0125275634046591,0.012515594550972205,0.012509069074704988,0.012508220929157005,0.012513121900216697,0.012523709414532035,0.012539814721104043,0.012561188318909854,0.012587522430493875,0.01261847047471949,0.012653661921583846,0.012692706089712371,0.012735202413292788,0.012780745540418328,0.012828929184596948,0.012879347249507985,0.012931597021438045,0.012985279640474495,0.013040003424466392,0.013095387936607732,0.013151065142798424,0.013206685605369322,0.013261922067383067,0.01331647459641478,0.013370074722668362,0.013422487509621857,0.013473515176452748,0.013522999742304025,0.013570823722043986,0.013616909893518945,0.013661219970799143,0.013703752385730409,0.013744539155356606,0.013783642277131901,0.013821149576649708,0.01385716930751826,0.013891826235104437,0.01392525764741921,0.013957609193396057,0.013989031391002767,0.014019677038386602,0.014049696057798676,0.01407923448775986,0.014108433097633426,0.014137426505871754,0.014166342544082788
NMG_Julia_2000_dt_5.50e-06_Nx_128_periodic_dtout_1050p_SAV_Julia_2000_dt_5.50e-06_Nx_128_periodic_dtout_1050p,0.0,0.016856128521128277,0.01066794525648218,0.008454763197982003,0.007315260325772055,0.006637904152042575,0.006205024727202868,0.005921216397695029,0.005736848854728921,0.005622014797272401,0.005556860958085041,0.005527552059417657,0.0055242588104019085,0.005539967661284052,0.005569698760769027,0.005609966383192211,0.005658396747445019,0.005713450771266262,0.005774216988804038,0.005840251163554586,0.005911448338576069,0.005987937581686745,0.006069994017658075,0.006157965208387524,0.0062522106314049294,0.006353053538469328,0.006460745551190322,0.00657544324703836,0.006697195912817186,0.006825942985203091,0.006961518978185144,0.007103663218815075,0.007252031749149399,0.007406208682231933,0.007565715059282094,0.007730013938208379,0.00789851151509419,0.008070554974040738,0.00824542815735081,0.00842234749859765,0.008600459941663675,0.008778844675469149,0.00895651987495724,0.009132454909231612,0.009305587746930763,0.009474846720853875,0.00963917528741472,0.009797558568985171,0.009949050163885382,0.010092797920462427,0.01022806750681657,0.010354262630802887,0.010470940828637223,0.010577823827938627,0.010674801670023543,0.010761930082625534,0.010839421026192807,0.010907626982669035,0.010967019356171911,0.011018163469119366,0.011061691092698087,0.011098272457810542,0.011128589574657953,0.011153312153191142,0.011173077024834582,0.011188471505916174,0.0112000207688068,0.011208179060508293,0.011213324544512838,0.011215757606520103,0.01121570255739754,0.011213312883367316,0.011208680160330609,0.011201846104778096,0.011192817940017053,0.011181585891499677,0.01116814160139595,0.011152495856042168,0.011134693932521329,0.011114827083025422,0.011093039167218936,0.011069528108389239,0.011044542478015971,0.011018374319671327,0.010991349234251224,0.010963814854499607,0.010936129969046835,0.010908653272266056,0.010881732408678332,0.010855694890676424,0.010830841278552182,0.010807439362374776,0.010785721106569019,0.010765880160554422,0.01074807186124433,0.010732411084863088,0.010718976062541036,0.010707809867430508,0.010698924732514041,0.010692304969293735,0.010687910143406493,0.010685680939712266,0.010685543867535938,0.010687414504864176,0.01069120199435387,0.010696812832018008,0.010704153312180395,0.010713132932359674,0.010723667201977042,0.010735679858147476,0.010749105070273404,0.010763888120726537,0.010779986879245152,0.010797372715911396,0.010816030955440729,0.010835961065270048,0.0108571769896394,0.01087970558380386,0.010903586420980754,0.010928871113406435,0.010955620757998889,0.010983904344106885,0.011013796363144066,0.011045373961046628,0.011078712598354148,0.011113881304052553,0.011150937055012107,0.011189917689219423,0.011230833620688647,0.011273657562041663,0.011318313487724881,0.011364664724216905,0.011412501627177508,0.01146153016551743,0.01151136315009103,0.01156151578443159,0.011611408841695328,0.011660381233998105,0.011707714540523401,0.01175266999732533,0.011794536636729658,0.011832686816338608,0.011866632826985381,0.011896076591517138,0.011920944343363214,0.011941399994706982,0.011957834451762371,0.011970832475924086,0.011981122585699848,0.011989518346747437,0.011996859388646116,0.012003959629906358,0.012011567455473535,0.012020339018063722,0.012030825178297129,0.012043469106146806,0.012058611803647827,0.01207650270213633,0.012097312504463342,0.012121146598889842,0.01214805796384513,0.012178058547769035,0.012211129013365504,0.01224722618746934,0.01228628946321988,0.012328245241879266,0.012373010870918159,0.012420497411331229,0.012470611660896493,0.012523256803705994,0.012578333235980772,0.012635739887317143,0.012695374632905362,0.012757134779620073,0.012820917214800786,0.012886618381837975,0.01295413559817623,0.013023366865148501,0.013094210933571859,0.013166567489758231,0.013240337110755335,0.013315421474446578,0.01339172451937008,0.013469153162037773,0.01354761695522171,0.01362702811140686,0.01370730226946449,0.013788359085934584,0.013870121990023168,0.01395251802994775,0.014035478998173024,0.014118940987246406,0.014202843862066224,0.01428713153556155,0.01437175214859491,0.01445665726785573,0.014541802026787213,0.01462714469325259,0.014712646158769053,0.014798269785860763,0.014883981559949914
NMG_Julia_2000_dt_5.50e-06_Nx_256_neumann_dtout_1050p_SAV_Julia_2000_dt_5.50e-06_Nx_256_neumann_dtout_1050p,0.0,0.004490100142131393,0.003886850932972549,0.004135711835106068,0.005001879771071449,0.006338242109340073,0.007977885617545465,0.009733171112544823,0.011404300755752632,0.012805512626748986,0.013802073300919846,0.014343375852810964,0.014478223737192163,0.01433881945782513,0.014090842325557615,0.013870788176508672,0.013746675299006009,0.01372071084864112,0.013761916925009016,0.013840532291357134,0.013942304439531658,0.014065813414602868,0.014216835787322331,0.014402748492195444,0.01462579214070795,0.014879301528173343,0.015148886442809961,0.01541757905931373,0.01567384806599362,0.015915511080487464,0.01614281147471392,0.016351671100284296,0.01653876544514236,0.016706217021220948,0.016858726548305412,0.017000248104347367,0.017133265125308623,0.017259606394006977,0.017381164135477314,0.01750015549510908,0.017619090900768075,0.01774047375095334,0.017866324041297545,0.01799762472047317,0.018133803890877775,0.01827237749870483,0.018408853683791103,0.01853701624014676,0.018649719197250218,0.01874048946490847,0.018805779840849753,0.01884669574951534,0.018868754125386737,0.018879557147477615,0.018886009044491746,0.018892676360231814,0.01890223211380703,0.018916880347285243,0.018938955635760604,0.01897081390408545,0.019014758904967493,0.0190733216777954,0.019149863756382033,0.01924930931934349,0.019377519976987556,0.019533430895755988,0.019687353116694162,0.019780731674353673,0.019795698570408145,0.019779162688974894,0.019778675426467898,0.019814378050182293,0.019889160679291508,0.019999090688974507,0.020137828350326,0.020297307955435297,0.020467675894848075,0.020638791133410203,0.020803385603119944,0.0209596012259914,0.02111080010809145,0.021263152005616102,0.021423162859725366,0.021596444300868933,0.0217875532737868,0.02200026797559261,0.02223792597777978,0.02250370314318031,0.022800832357780073,0.023132721998082934,0.0235028961870801,0.02391477286993007,0.024371336350189565,0.02487480483049967,0.025426338133193383,0.026025801903285097,0.026671542853027173,0.02736017982636154,0.028086469211536545,0.028843352275932144,0.029622293382300015,0.030413920358315062,0.0312088760343769,0.03199875063789652,0.03277696728334384,0.03353956649030005,0.03428587448062203,0.035018977465715376,0.035745514900185696,0.036472890118201144,0.037199507851687706,0.03789673137055253,0.03850676785511712,0.03899342686628565,0.039392409302404445,0.039773925311379486,0.040179780349455546,0.040616962856086236,0.04107945541009043,0.041560686873376766,0.042055948776906424,0.042562000067492126,0.0430766405941592,0.043598496957512486,0.04412682307633598,0.04466125172394022,0.04520155113190348,0.04574745639765178,0.04629858808210665,0.046854452334750274,0.04741448371199275,0.047978095494643755,0.04854472173406772,0.04911384553950525,0.04968501208366368,0.05025783145685549,0.05083197384997993,0.051407160281326025,0.0519831480317963,0.052559712945398615,0.05313662785004414,0.05371364059230014,0.054290454787167035,0.054866719006520404,0.05544202728891252,0.056015935320733935,0.056587991689625326,0.05715778306378427,0.057724980386536194,0.0582893723131275,0.05885087317802274,0.05940950466303646,0.05996536046204333,0.06051856604778888,0.0610692469515063,0.061617509464990575,0.06216343342480025,0.06270707391996383,0.06324846680494042,0.06378763623008918,0.06432460235640276,0.06485938750700812,0.06539202156709492,0.06592254671766111,0.06645102132747796,0.06697752375401743,0.06750215610669377,0.06802504824162754,0.06854636229602817,0.06906629832188997,0.06958510104065108,0.07010306817077061,0.07062055973804407,0.07113800653091516,0.07165591512180121,0.07217486851685154,0.07269552695559554,0.07321864431081508,0.07374512415248462,0.07427613305772195,0.07481326788926536,0.07535874476153058,0.0759155353540784,0.07648727110110251,0.07707743146883278,0.07768673945962587,0.0783077728436185,0.07892026713931785,0.07949759605660944,0.08002400473813924,0.0805025009672662,0.08094722350776597,0.08137263451684351,0.081786007427705,0.08218400328033781,0.08255757694156202,0.08290382459232737,0.08323170940624278,0.08355596858425496,0.08388721193126776,0.08422834650220595
NMG_Julia_2000_dt_5.50e-06_Nx_256_periodic_dtout_1050p_SAV_Julia_2000_dt_5.50e-06_Nx_256_periodic_dtout_1050p,0.0,0.004524184396156044,0.003916860358157681,0.004188182393749438,0.005076836425877593,0.00643132913335597,0.008079753413540506,0.009826777938454616,0.01146323471761707,0.012797176170573936,0.013697009585742085,0.014127089064549197,0.014158981648934959,0.013945972510383733,0.013665135275438707,0.013455455400202872,0.01338181768216824,0.013437302475281597,0.013577333061654238,0.013758568845705942,0.01395614522924609,0.014161325206860163,0.014376207970187689,0.014608619148632766,0.014864059853908693,0.015139292440568214,0.015421809860016428,0.015694874901883805,0.015945573100024625,0.01616903642799976,0.016363562247466455,0.016525991251537253,0.01665703148820016,0.016765271308735282,0.016862069270252023,0.01695625267792068,0.017053331146515208,0.01715682257225265,0.017269490343563093,0.017393924692260566,0.01753266952367947,0.017688069206993562,0.017861874368710253,0.018054621135921507,0.018264888028069498,0.018488732578954774,0.018719686615343834,0.018949489598977465,0.01916947375002905,0.019372381059576074,0.01955421057400026,0.01971524502920578,0.019859325845533758,0.019991605421403873,0.020116294552100407,0.020235644666074696,0.0203507051684342,0.02046258874322899,0.020572606410627546,0.020681579360434233,0.020789202057715686,0.020893846774526867,0.020992814684013327,0.021082912905236856,0.021161179068965186,0.021225555204415006,0.021275359208251604,0.021311476458850283,0.02133629029664281,0.021353420732219665,0.021367346363847923,0.02138294760292427,0.021404912158526024,0.02143685878606412,0.021480145825240854,0.021532667089931182,0.021588585614889633,0.021640039035349702,0.021680502482578374,0.021707605603637155,0.021723344052619144,0.02173204912298768,0.02173813418808858,0.021744936648090258,0.0217545888361798,0.021768375885366755,0.021787217652078267,0.02181214443081573,0.021844719485956805,0.021887317264041934,0.02194317506837098,0.02201623782720698,0.022110841118577387,0.022231322055200595,0.022381605561661282,0.022564788968830386,0.022782738537964753,0.023035736318396494,0.023322246615115776,0.023638873730496487,0.02398056741340956,0.024341081237009312,0.024713629258831336,0.025091643559945528,0.025469559761454746,0.025843593869748376,0.026212514698066174,0.026578334219184152,0.026946322053164336,0.027321927845750205,0.027698791416833443,0.028034917837438385,0.028246363496404376,0.028270908641023145,0.0281419675070928,0.02794906347424381,0.027751338622500482,0.027562143776317532,0.027377037072655576,0.027191496262764864,0.027004227395795326,0.026815946276150464,0.02662810760549536,0.026442264260129862,0.02625982468845784,0.02608198598595213,0.025909730934978583,0.02574385111531183,0.025584959500350744,0.025433509722326896,0.025289819121785267,0.025154087133071563,0.02502641421822527,0.024906816676407092,0.024795242544024064,0.0246915846285798,0.0245956917678461,0.024507380807791895,0.02442644364177411,0.024352655082426664,0.024285780324803805,0.024225575870939604,0.024171791612262874,0.02412416450989733,0.024082411580125578,0.024046211951385767,0.02401518230196899,0.02398885611850308,0.023966669314566744,0.0239479675369309,0.023932052811934546,0.023918268017822396,0.023906095721134668,0.023895243748936503,0.0238856852619896,0.023877646916797547,0.023871563644700146,0.023868024639549252,0.023867730814159892,0.023871462994485983,0.023880043131813106,0.02389425626331083,0.023914687672769885,0.02394145094368331,0.023973812775362473,0.024009819286082406,0.024046163885788344,0.02407857082301071,0.024102768609324976,0.024115703405047213,0.02411635443765177,0.02410571616404391,0.024086078739062787,0.02406013008149413,0.024030306605633156,0.02399851052961669,0.023966091564438123,0.023933933518663564,0.023902548912926144,0.023872148580838335,0.023842691915716065,0.02381394002928147,0.023785533247722083,0.02375708856284387,0.023728290707459968,0.023698951565061473,0.023669026132001544,0.023638589365667085,0.023607802023059128,0.023576872212748158,0.02354602839145616,0.023515504260616587,0.023485525388538233,0.02345630909254864,0.023428064484862576,0.02340099274946757,0.02337529093838664,0.023351157315267212,0.023328794818332835,0.023308416731103773,0.023290254034498255
NMG_Julia_2000_dt_5.50e-06_Nx_512_neumann_dtout_1050p_SAV_Julia_2000_dt_5.50e-06_Nx_512_neumann_dtout_1050p,0.0,0.01823639239981273,0.037842170538167026,0.046183720103913056,0.038506566872635,0.03432050378850328,0.03521788441485236,0.03821097359774088,0.04136859568675174,0.044418030395238534,0.04753961886898141,0.0506760053854838,0.054113089389628284,0.057812941834264844,0.0615856543152323,0.06503362399806474,0.06766947447401332,0.07002203144060198,0.07217012441632062,0.07409162926219375,0.07609631408903482,0.07832915275666764,0.08088680569099105,0.08355597014543215,0.08620868530718671,0.08886036922644777,0.09161456089967836,0.0946143649857634,0.09785048737826779,0.10098549883892406,0.10356189163442503,0.10621180010198936,0.1090432278694104,0.11195041223386294,0.11498074768595958,0.11846059159832531,0.12214974125695756,0.12501626727367118,0.12752269917888437,0.13016548208195608,0.13299476059332302,0.13591172096135817,0.13882932771524417,0.1417745957531222,0.14476910106313737,0.14781318304053004,0.1509381095365145,0.15398657725676124,0.15690299970650542,0.1598526676722134,0.16254235810673787,0.1647542816963415,0.16679519588539612,0.16895765442633803,0.17103909121643,0.1729548248827341,0.17481303385437952,0.1767480275273912,0.17873960879165823,0.18053262428650665,0.1822794514175153,0.18408307636908633,0.1859132841359756,0.18774898720643415,0.18955520333141354,0.19125334919203443,0.19265150415079926,0.19383224690995396,0.19501905151294596,0.19625180558880334,0.1974768716430235,0.19867708141809737,0.19985916342919466,0.20107862146495065,0.20245518596600356,0.2037901788258058,0.20487763572651463,0.20573160850561484,0.2065924582314216,0.2075561942890049,0.20856649226756246,0.2095402350463441,0.2104818520353211,0.2113765444834153,0.21215570494147065,0.21294307335834314,0.21381153772902492,0.21465841721733853,0.21550790119417954,0.21631005590203456,0.2170675923410986,0.21782074474578872,0.21865375251134506,0.2195148792528205,0.2203833021722143,0.22123974327150558,0.22197397321676957,0.22262899760993482,0.22325331972696394,0.22390464737536916,0.22458323227693058,0.2252776556963386,0.22598727865768198,0.22671263991312388,0.2274547592855499,0.22821460571451888,0.2289914942313251,0.22978524435509676,0.23059943552228163,0.23144162347914643,0.23232397375441338,0.2332631849443736,0.23428503772715814,0.23545083847617215,0.23676666648742203,0.23811510671461003,0.2395122985533295,0.2409812777114543,0.24231344578397354,0.2435299440632888,0.244785342273324,0.24594498719582894,0.24694820956493324,0.2479000461067018,0.24874523127075013,0.24940941132227995,0.2500000154969592,0.2505419041217723,0.25093744903922116,0.2512393943444658,0.2515255276637487,0.25177931107612983,0.2520128435667945,0.25229578056408974,0.25262447499702584,0.25295760469827994,0.2533549499838475,0.25393337135574945,0.2547000506585545,0.25569646515240363,0.2567153463928797,0.2575413864289763,0.2582889883977299,0.25895524513850837,0.25952045216965386,0.2600022752897091,0.26045794001849926,0.2609592216848083,0.2614832251107814,0.2620046352196137,0.26251304616316373,0.2630038488996331,0.2634777145092988,0.26393796180755075,0.2643875004870093,0.26483691612031784,0.2653076247814138,0.2658008893812597,0.2663135334252144,0.26684543356900775,0.2674118617954496,0.26808304407918265,0.26884811042784396,0.269500296745763,0.27004231675659485,0.2705092378393047,0.2709149094732224,0.2712713939772193,0.2716399365059677,0.2720829256015442,0.2725675713251627,0.27306899886783276,0.27357742952646535,0.2740884178681491,0.27459987416228276,0.275110840896495,0.27562090856999555,0.27612993616356557,0.2766379242034104,0.27714494908094334,0.2776511357927846,0.2781566421522453,0.2786616461400192,0.27916635017832825,0.2796709826543881,0.28017580399348696,0.2806811267920256,0.28118734195429357,0.2816949474610321,0.2822046135983855,0.2827172968228604,0.2832344218417124,0.2837581962400547,0.2842921449061875,0.2848417528654992,0.2854142470370165,0.2860147742042261,0.2866395942086671,0.2872771780086696,0.2879176161959661,0.28855689611924273
NMG_Julia_2000_dt_5.50e-06_Nx_512_periodic_dtout_1050p_SAV_Julia_2000_dt_5.50e-06_Nx_512_periodic_dtout_1050p,0.0,0.018155628402159122,0.037863644085471874,0.04639322437372582,0.038422482072439,0.034042378730226024,0.0349864067490206,0.03799937227464009,0.041258760352070746,0.044395743405871504,0.04740076369908789,0.05006364168396892,0.052828142706501977,0.0559699547564595,0.05943596995411883,0.0631545245641901,0.0665923473943387,0.06995767423208595,0.07336764778918103,0.07656448525588526,0.07987933080876317,0.08340045973340303,0.08684605111867279,0.08990960825103128,0.09274569416889758,0.09558308960964407,0.0986033376472818,0.10189766835717208,0.10559955691820551,0.10906902631862322,0.11193729941393041,0.11495213543431054,0.11812389606575703,0.12130294832082952,0.12447253137794366,0.12792812739789705,0.13145378055361887,0.134218133046179,0.13690597089390474,0.13989153663612014,0.14292627602140237,0.14584452581127547,0.14859348715153017,0.15119516806548722,0.1536919226963059,0.15611641862754563,0.15850410757905412,0.16088206605537977,0.1632543308659681,0.16565693791182493,0.16776491008777497,0.1693868221923358,0.17079700953599858,0.1722318196588918,0.17365938504697534,0.17506578568692185,0.17648926862049646,0.1779899257263664,0.1793867231089458,0.1805295809017052,0.1816303011390118,0.18279491843025278,0.18400499700997805,0.1852718728695136,0.1866525849879111,0.18812495574472993,0.1893510583897143,0.190387804995762,0.1914752479523276,0.192660361734391,0.19389465733127417,0.1951639065221933,0.19647637333478454,0.19788272652146544,0.1994487852793959,0.20087222291096163,0.20206832713790238,0.2031306601384018,0.2041799624973729,0.20536651647290552,0.20664082888467875,0.20794682130329967,0.20925936490436609,0.21056601954421825,0.21186067677032128,0.2131403877610869,0.21440367639965072,0.21564967946061733,0.21687770170395637,0.21808695932011352,0.21927648705664093,0.2204454014700212,0.22159415992515683,0.22272649297844938,0.2238442928179196,0.22493896502849603,0.2260054782110295,0.22704948477535183,0.22807924455935272,0.22910141239055215,0.23012070667827936,0.2311404667476468,0.23216325231381976,0.233191391889102,0.23422740077908671,0.2352733956498797,0.2363295238278347,0.23739589490953192,0.23847567907113096,0.23957536771704516,0.2407062649877251,0.24188804742490677,0.24314695428451272,0.24449467178594136,0.24592478463568712,0.24744320436914047,0.2490935468143734,0.2508917922329199,0.25262809627712274,0.25430511082588925,0.25602722042476384,0.2575919733435306,0.25887701024321397,0.25993200481387885,0.2608066190440901,0.2616016612381247,0.2624348675337527,0.2632859632464349,0.2640295927962375,0.2646986022394961,0.26535725630028834,0.2659843516716738,0.266587929118474,0.2672308961277585,0.2679089061225545,0.26861324368337486,0.26947466898010713,0.27052340104580114,0.2715737538857442,0.2726494721107785,0.2737568337328161,0.2747802085232748,0.2757322991600659,0.2766384409496125,0.27751618123388416,0.2783942244472329,0.2793635050566935,0.2804723035697192,0.28154397532867553,0.282530070140826,0.28345906929839404,0.28434872526497357,0.2852079933102224,0.286042742737905,0.28685752817362686,0.28765593155487196,0.28844061891684186,0.2892134528809284,0.2899759282446305,0.29073145244873605,0.29150054009064413,0.2923822353262397,0.2933895527495011,0.2943123144985461,0.2951485007212027,0.2959282787008239,0.296662500045121,0.29736129048013504,0.29808087954359064,0.2988800909782748,0.29973347322719796,0.3006250217907934,0.30154903901893065,0.30249317424076627,0.3034410739739634,0.3043823772425947,0.30531324249273645,0.3062329376869763,0.30714177417264904,0.30804031791691067,0.30892913882603934,0.30980874905786615,0.31067961132680033,0.3115421582652752,0.3123968141843907,0.31324401501742993,0.3140842386697068,0.3149180240077926,0.31574600478826,0.31656895382530337,0.31738787575036026,0.3182041512793748,0.3190197945473938,0.3198378872073024,0.32066316175865983,0.32150202064666894,0.3223597598506168,0.3232344793438084,0.32411650730008196,0.32499647156102485,0.3258701573918028
NMG_Julia_2000_dt_5.50e-06_Nx_128_periodic_dtout_1025p_SAV_Julia_2000_dt_5.50e-06_Nx_128_periodic_dtout_1025p,0.0,0.009593305090850277,0.006088254185749541,0.004754865880082552,0.003988771447732078,0.0034641167483173076,0.003076810319170211,0.0027791131785378583,0.002544519952694967,0.0023565734652661037,0.0022042145929043913,0.0020795731057726722,0.001976830864343857,0.0018915870076202073,0.0018204699573227997,0.0017608782508831285,0.0017107955507123212,0.001668653159995537,0.001633225696712634,0.0016035512208167207,0.0015788699191426816,0.0015585770474343713,0.0015421868639325772,0.0015293050299077196,0.0015196075132200388,0.001512824466730416,0.0015087278959374883,0.0015071222007623892,0.0015078368903733133,0.0015107209390484615,0.0015156383843325544,0.0015224648731342614,0.0015310849423804333,0.0015413898826697526,0.0015532760794666376,0.0015666437595394237,0.0015813960929173163,0.0015974386146493651,0.001614678937902448,0.0016330267320574863,0.0016523939379137946,0.0016726951881735161,0.0016938483961480124,0.001715775470014669,0.0017384031046940092,0.0017616635991273076,0.0017854956439462824,0.0018098450237399666,0.001834665179809241,0.0018599175838747953,0.0018855718809526005,0.0019116057705924909,0.0019380046096322975,0.0019647607359200977,0.0019918725301048684,0.0020193432503024726,0.0020471796907703386,0.0020753907292491566,0.0021039858371350267,0.0021329736312540376,0.0021623605452922566,0.0021921496929218466,0.002222339983832999,0.0022529255390609814,0.0022838954342755515,0.0023152337803078005,0.00234692013041411,0.0023789301848782,0.0024112367467090928,0.0024438108684523493,0.002476623120362274,0.002509644905025378,0.002542849743333991,0.002576214461503899,0.0026097202182490376,0.0026433533245300085,0.0026771058243873847,0.002710975822895913,0.002744967564739057,0.0027790912828243334,0.0028133628494496276,0.002847803271824398,0.00288243807871616,0.0029172966455710066,0.0029524115020376743,0.00298781765916867,0.0030235519846834587,0.0030596526446778067,0.0030961586201258455,0.0031331092973894536,0.0031705441244251876,0.003208502318901665,0.003247022611176342,0.0032861430039583294,0.003325900531250005,0.003366331001444947,0.003407468712853307,0.0034493461340309828,0.003491993545770005,0.0035354386462090564,0.0035797061250696996,0.003624817217397407,0.003670789251297575,0.0037176352079063713,0.003765363315081232,0.003813976698840721,0.003863473118165822,0.00391384480910116,0.003965078462865952,0.00401715535966606,0.004070051674966273,0.004123738968191483,0.0041781848554372945,0.004233353858258634,0.004289208410620628,0.004345709996398506,0.004402820381172971,0.004460502895174062,0.004518723719605956,0.004577453126563306,0.004636666623447355,0.004696345956160478,0.004756479931220567,0.0048170650250181045,0.004878105758367464,0.004939614825797803,0.00500161298106785,0.0050641286924102795,0.005127197592145545,0.005190861748699146,0.005255168805029491,0.00532017109757501,0.005385924610119083,0.005452488014934395,0.005519921728899026,0.005588287034912884,0.005657645288530287,0.005728057220805724,0.005799582339948014,0.0058722784271092515,0.005946201115878321,0.006021403540971944,0.006097936039208649,0.0061758458849710965,0.006255177042789785,0.006335969921155707,0.006418261113933173,0.006502083118553114,0.006587464023313229,0.006674427159420688,0.006762990716742947,0.0068531673254742876,0.0069449636089844,0.0070383797159209996,0.00713340884212369,0.007230036755013866,0.0073282413348041645,0.007427992148073361,0.007529250069940924,0.007631966971223609,0.007736085525977082,0.007841538984739693,0.007948251186262406,0.008056136691619958,0.00816510098391696,0.008275040831353109,0.00838584479155418,0.008497393858125745,0.008609562247259473,0.008722218319055149,0.008835225625017243,0.008948444069951106,0.009061731173232305,0.009174943411182086,0.009287937619115224,0.009400572428637888,0.009512709713112105,0.009624216012060609,0.00973496390387257,0.009844833295701669,0.009953712563905454,0.010061499648155094,0.010168102963840516,0.010273441961228483,0.010377447795223853,0.010480063336132136,0.010581243358053506,0.010680954416075592,0.010779174365015055,0.010875891729455018,0.01097110528826265,0.01106482301737113,0.011157061267025791,0.011247843693812223,0.011337200182341278,0.011425165930818819,0.011511780566881277,0.011597086804741365,0.011681129383952434,0.011763954144173944,0.011845607468664927
NMG_Julia_2000_dt_5.50e-06_Nx_128_neumann_dtout_1025p_SAV_Julia_2000_dt_5.50e-06_Nx_128_neumann_dtout_1025p,0.0,0.009660914648843801,0.006099077009960354,0.0047268318922201935,0.003956458067338413,0.003436405236080617,0.003054417170644412,0.002761099629434335,0.0025302751500308395,0.0023460766538131754,0.0021977897657091254,0.0020776267692530046,0.001979696393344337,0.0018994660473659797,0.0018334315187292143,0.0017788832819995773,0.0017337275899029876,0.0016963457483793638,0.0016654833443023181,0.0016401639855951056,0.0016196229093110698,0.0016032563391018139,0.0015905832127362026,0.0015812163806804085,0.0015748409163414533,0.0015711978353989864,0.0015700717786937782,0.0015712816364805348,0.0015746733427588154,0.0015801142739172039,0.001587488841582955,0.0015966949859604266,0.0016076413618379612,0.0016202450718078335,0.0016344298454986812,0.0016501245939723993,0.0016672622882020725,0.0016857791224005395,0.0017056139291257405,0.0017267078154053134,0.001749003989130886,0.001772447743878582,0.0017969865689880214,0.001822570350728429,0.0018491516299763572,0.0018766858821252159,0.0019051317859676382,0.0019344514500889243,0.0019646105680125037,0.0019955784771566606,0.002027328101825661,0.0020598357671311636,0.002093080878924519,0.0021270454742913854,0.0021617136574474463,0.002197070946295609,0.0022331035646377573,0.002269797723216202,0.0023071389385831984,0.0023451114415925056,0.0023836977266033423,0.0024228782880380433,0.002462631582734683,0.0025029342448203134,0.00254376156507326,0.002585088229662316,0.0026268892947053256,0.0026691413544708133,0.002711823843640422,0.0027549203993601982,0.0027984201983293024,0.00284231917921898,0.0028866210622143554,0.0029313380857906,0.0029764913956289835,0.003022111040755117,0.003068235555781534,0.003114911133339433,0.00316219041501132,0.003210130950136313,0.0032587933880652378,0.0033082394798323203,0.003358529969641175,0.0034097224556485727,0.003461869294456451,0.0035150156159861586,0.0035691975065193474,0.003624440408914692,0.0036807577811708214,0.0037381500478807415,0.0037966038734335208,0.00385609178032935,0.003916572129676894,0.003977989472815931,0.00404027527231439,0.004103348977145273,0.004167119421217288,0.004231486497951403,0.004296343048204315,0.004361576886721957,0.004427072885403685,0.0044927150311966325,0.004558388382604862,0.004623980860669845,0.004689384826060905,0.0047544984113878875,0.004819226594903698,0.004883482016848234,0.004947185552021127,0.005010266661709768,0.00507266355525635,0.005134323196823813,0.005195201196581529,0.0052552616274262835,0.00531447680795194,0.005372827088975199,0.005430300673947025,0.005486893492910149,0.005542609135836606,0.0055974588354424605,0.00565146147375393,0.005704643572926282,0.005757039221174727,0.005808689880816379,0.005859644028261298,0.005909956585319828,0.005959688116463222,0.006008903785928513,0.006057672089511648,0.006106063396091736,0.006154148351117988,0.00620199620673291,0.006249673104277917,0.006297240604373865,0.006344754096328316,0.006392261568421311,0.00643980257982528,0.006487407505643196,0.006535097072865454,0.0065828821917537,0.006630764075326604,0.0066787346296350615,0.006726777089464003,0.006774866867870465,0.006822972583354344,0.006871057225234497,0.006919079415789006,0.006966994726816338,0.007014757008459422,0.007062319689442748,0.007109637010355296,0.0071566651552976935,0.007203363252065937,0.007249694216942048,0.0072956254268840455,0.007341129209139992,0.007386183145680789,0.007430770196951523,0.007474878655892183,0.007518501948645415,0.007561638302605411,0.007604290305328119,0.007646464379296574,0.007688170197693409,0.007729420065345153,0.007770228287095231,0.007810610543293617,0.00785058328912138,0.007890163191336117,0.007929366691703233,0.007968209568578846,0.008006706198201336,0.008044869473991976,0.008082710529081575,0.008120238635374219,0.008157460982121468,0.008194382517866548,0.00823100572696996,0.008267330840887557,0.008303355917568526,0.008339077035341973,0.008374488503030441,0.008409582612199595,0.008444349931925292,0.008478779407741834,0.008512858835967366,0.008546575094937912,0.008579914245367328,0.008612861854124982,0.008645402715369942,0.008677521958020747,0.008709204978785183,0.008740437268208263,0.008771205216564668,0.008801496066422406,0.008831298368771678,0.008860602269408064,0.0088893995293897,0.008917684055190054,0.008945451814114507,0.008972701101113164
NMG_Julia_2000_dt_5.50e-06_Nx_256_neumann_dtout_1025p_SAV_Julia_2000_dt_5.50e-06_Nx_256_neumann_dtout_1025p,0.0,0.003364480561062453,0.0025231364621265116,0.0021657103448056926,0.0019792509241104497,0.0018778552307159755,0.001829739079359316,0.0018228651650694194,0.001853964369317563,0.0019242597415297673,0.0020372558138936165,0.0021971834611594155,0.002407704306523842,0.002670845723996061,0.002986073305274901,0.00334940953951388,0.003753046649847659,0.00418615557174122,0.0046370637656967025,0.005096048833925843,0.005557177629011034,0.0060180874700914945,0.0064782426990582275,0.006937156927061393,0.007393857675967345,0.00784794238411729,0.008300904160245575,0.008755495920953467,0.009212754107039313,0.009668819994128133,0.010113824444924736,0.010533991847877991,0.01091709428450267,0.011258720540400153,0.011564027165295027,0.01184282775895355,0.01210283572940589,0.012346646442945239,0.012572560566981915,0.012776485471653668,0.012954121360013634,0.013103770932586918,0.013227963848359383,0.013331872748119112,0.013420488350443776,0.013497979182186821,0.013568807550919739,0.013637439406951586,0.01370593261900588,0.013772276339809634,0.01383180356060864,0.01388061724487175,0.013918276413128535,0.013948090360701139,0.013975480509147275,0.0140057405921164,0.014041923695217265,0.014082664436904367,0.014120056632773506,0.014140477036251741,0.014132070095834177,0.01409390641124969,0.01403564804495502,0.01396954913951113,0.013904834274505026,0.013846712522790919,0.01379746773290131,0.013757927703723838,0.013728617839271252,0.01371041662804147,0.013704843897320233,0.013714200505491587,0.013741656701710469,0.013791272203960982,0.013867832129581236,0.013976303258327901,0.01412066017132091,0.0143018942265302,0.014515553470992114,0.014750246447668668,0.014989537298398256,0.01521847642682202,0.015431213024624493,0.015632392457889725,0.015829897422120175,0.01602409800958043,0.016201948907315855,0.01634496797395632,0.01644789122897328,0.016524787819809057,0.016593214489081944,0.016658352969932757,0.016712642484782773,0.016743937746091633,0.016741760967158514,0.016699391343010177,0.016615053347353536,0.016493853382724948,0.016348419993883014,0.016196229344164814,0.016054687383548396,0.01593682544963303,0.015849152653836244,0.015790971605289906,0.015754436216756495,0.015727311175300636,0.015700412777330836,0.015673828445755912,0.015653914138543223,0.01564604973868345,0.01565204731368085,0.015671795189579965,0.015705147787728312,0.01575266733963971,0.015815563663669922,0.015895391129566897,0.015993833012102977,0.016112711412685016,0.016254260932105902,0.0164216096235527,0.016619228987130138,0.016852630580646795,0.017126002684224064,0.01743693454204847,0.01777108156289512,0.01810583922152563,0.01842920755885086,0.01875832070922469,0.01912869958198072,0.0195537582035743,0.01999259437657788,0.020360259947337644,0.020574326470042068,0.020601041837949422,0.020474292662649527,0.020285451470986076,0.02014770118864662,0.020141279755532652,0.02026635298403294,0.020438616111786687,0.020532608809262044,0.020439204550624812,0.020101412109782932,0.01952248023092884,0.01875867130662976,0.017902488524246096,0.017055709263099895,0.01630072807121025,0.01568578193940671,0.015227487823547773,0.014919610160905494,0.014736730084853598,0.01463084985658103,0.014533231177713775,0.014379792817445673,0.014149538148051954,0.01387203679464644,0.013594021891611999,0.013347398469130743,0.0131439869128572,0.01298429073212049,0.012865034183812256,0.012782433412728056,0.012733241049073592,0.012715135995474315,0.012726908251301189,0.012768367768428367,0.012839884773265496,0.012941588316230246,0.013072391789437629,0.013229056980018864,0.013405562967655415,0.013593043452492784,0.013780483421251748,0.013956143694457713,0.014109342137126276,0.014231896900703924,0.014318456912375505,0.014365456341003774,0.014370010463521795,0.014331582211855839,0.014256347094290972,0.0141581558193362,0.01405298583031866,0.013952994410476947,0.013865259176224684,0.013793623185823506,0.013740707206278093,0.013709008264845036,0.013701054858997133,0.013718634762544677,0.013760848685701767,0.013820250109851372,0.01387730211676014,0.013900279236523955,0.013862780609969247,0.013769070622488843,0.013653430076823226,0.013552528977111442,0.013485983625044284,0.01345750207167323
NMG_Julia_2000_dt_5.50e-06_Nx_256_periodic_dtout_1025p_SAV_Julia_2000_dt_5.50e-06_Nx_256_periodic_dtout_1025p,0.0,0.0033831439682738456,0.0025401768830815787,0.002179296048237663,0.0019934500061500634,0.0018918130446818023,0.0018380566359386013,0.001818282122996443,0.0018293362525702596,0.001873973896231991,0.0019585482709612557,0.0020913669867768476,0.0022807689469605515,0.0025326831412762624,0.002848205774564096,0.0032222438254490243,0.0036440619344594717,0.004099750398318801,0.004575760237419137,0.005061899129189449,0.005552098828534579,0.0060428090536617405,0.006530802295181197,0.007012339790526308,0.007484162896140973,0.007945177931395039,0.008397318895678272,0.008844756874721344,0.009291559295409684,0.009738658837503487,0.010181471529757383,0.010610103543415648,0.011013549092681124,0.011385727080096717,0.011728035234996582,0.01204626431840538,0.01234568750427391,0.012628328026229927,0.01289243932723112,0.013133014225212736,0.013343703587280879,0.013520279341483114,0.013663071046553331,0.013775786067121244,0.013862178271498538,0.013924007292219133,0.013961341259336207,0.013973635919296635,0.013960262208744184,0.013921020817299191,0.013857356994911679,0.013773386434364598,0.013675518634182367,0.01357093408874404,0.013466055940570008,0.013365690938810806,0.01327283552354043,0.01318887144704934,0.01311389317103122,0.013047091908766406,0.012987151598599393,0.012932630482037853,0.012882266005257537,0.012835118963827557,0.012790569620259335,0.012748278439226126,0.012708204348981799,0.012670632494669234,0.012636106089201746,0.012605256785614867,0.01257864407817953,0.012556720326989587,0.012539921172092407,0.012528818267598728,0.012524267236827013,0.012527507274910105,0.01254017701654908,0.012564173144186319,0.01260127815587226,0.012652748446261474,0.012719811389558203,0.012806168415284452,0.012920568650460722,0.013073943346732229,0.013269527835774933,0.01349127197074187,0.01369940991776058,0.013845323606225307,0.013903521013766715,0.013887748565755559,0.013831075686886676,0.013757803559179008,0.0136758029680306,0.0135852120153075,0.013488458352890961,0.013394183227496952,0.013315232222973714,0.013264323475737045,0.013250918358400768,0.013280588290577483,0.013356072091144911,0.0134785858165188,0.013648332195463709,0.013863607566519658,0.014118325547038358,0.014398742224485598,0.014682344332021521,0.014943784718899981,0.01516922460844769,0.01536881390343039,0.015568654418938772,0.015777400443809403,0.015956201355334834,0.016034073340656315,0.01596543401615584,0.015769409091391684,0.015511997441787124,0.015260792808525478,0.015057701272701566,0.01491824588772352,0.014842186842079748,0.014823849368575157,0.014858943682596017,0.014948098055998262,0.015097912427641951,0.015320098159608627,0.01562850903219118,0.01603265916866441,0.016525703329122423,0.017068059952334506,0.01757751142262837,0.01794319204758654,0.01806475639141058,0.017891377490728402,0.017438052359700442,0.016778912137756712,0.016022778342917408,0.015275837102103052,0.014609067119904659,0.014050126243278708,0.013596785643638068,0.013234258162144921,0.012946062429506243,0.012718386037122291,0.01254103151572617,0.012407153543946609,0.012312761939894818,0.012256262310273231,0.012238017978163079,0.01225983828965486,0.012324152275347012,0.012431834254671866,0.012576480997474373,0.012734648483026804,0.012859951384121056,0.012897806175717704,0.012821817212152559,0.012655332700313205,0.012450077193783503,0.012249656924686835,0.012075236316973353,0.011932052969135508,0.011818997845946371,0.011733701742822865,0.011674135413842998,0.011638896288258477,0.011627230257992165,0.011639077554802917,0.011675180469273667,0.011737252440808551,0.011828210041083304,0.011952475409679818,0.0121163429286227,0.012328337140619358,0.01259931088080247,0.012941622746831716,0.013365967772274435,0.01387357715572673,0.01444236163914236,0.0150121615844058,0.015485993244242924,0.01576281435113598,0.015787824116924917,0.015583167338567022,0.015238378886824945,0.014868321780505008,0.014565258149015466,0.01437525353745301,0.01430522826426196,0.01434170577639465,0.014464422895677191,0.01465191691650606,0.014882853772806891,0.01513651917001324,0.015393883907867311,0.015639208214333768,0.01586145766704387,0.016054542944341898,0.016215345804809607,0.016339100674052903,0.016414405380646233
NMG_Julia_2000_dt_5.50e-06_Nx_512_periodic_dtout_1025p_SAV_Julia_2000_dt_5.50e-06_Nx_512_periodic_dtout_1025p,0.0,0.008875881031808482,0.00631328525072797,0.0071597498597908114,0.010363927993879652,0.015326974670704438,0.021110379753586768,0.02644744629920494,0.031184551021677647,0.03544202845063889,0.03881755082176961,0.040900933703463836,0.04180478066467209,0.04199302787222849,0.041900573471216646,0.042081623669618914,0.04295345021113585,0.0444646268638587,0.045966212231986193,0.04720374754587367,0.048179128139721535,0.049220398575028024,0.0504312544398579,0.05182479610729889,0.05301325213664485,0.05378306192038213,0.05438199268918868,0.054917653004453205,0.05499778043728676,0.05494669759920442,0.055270340017247954,0.05610335026585047,0.057271369842879616,0.058395189933760173,0.05943174396191436,0.06005905198773138,0.0601446469256812,0.060120082556223815,0.06015226060897253,0.060003840739940396,0.05985541999203944,0.05959112258497528,0.05919956866753736,0.05915570569978947,0.05938733672646186,0.0597865308033905,0.06047204567233864,0.06125756971621282,0.06225699203602949,0.06328290154151335,0.06392570773018447,0.06401345424330007,0.06392249993049301,0.06381606864922845,0.06363691780413888,0.0636094020738286,0.06406372506303995,0.06511125501176206,0.06634790907800892,0.06725353719907512,0.06803462235023894,0.06898731655883285,0.07006557664957112,0.07092519148694731,0.07128843552933313,0.07130955402510979,0.07134084247028162,0.07149037832347642,0.07176050221464352,0.07216875271188507,0.07274861832197893,0.07340947349860746,0.0741696317057941,0.07536894805279859,0.07666478182140186,0.07750550273016782,0.077866388669646,0.07793008934004045,0.0779197704031897,0.07809915888023786,0.07825527229263109,0.07851379959149735,0.07898448482130752,0.07937563934130466,0.07938123065444434,0.07874423708537202,0.07767506961892653,0.07666440787163707,0.07572438525012956,0.07471988327061192,0.07365490225763163,0.07264287645880331,0.07187406902513213,0.07150832284603421,0.07137658635075896,0.07142354620081894,0.07179556716080707,0.07278711670661367,0.0743904078723864,0.07569714516727456,0.07608393733135187,0.07621845478139067,0.07703516182670733,0.07874434838039639,0.0807280588676514,0.08247169925518298,0.08355197130363039,0.08411045179496211,0.08457595616327267,0.08530453757390279,0.08604077666421889,0.0863126609947981,0.08616898598991256,0.08642504589648499,0.08715476243109442,0.08745335008528386,0.08737469740638151,0.08741400944994183,0.0875561025679991,0.0875314935913075,0.0869281769537924,0.08582079553993942,0.0846796226519322,0.08392873634275347,0.08362956520482605,0.08344983975054081,0.08352191860027443,0.08391179722999186,0.0841014491085935,0.08409862630790936,0.08415820148804787,0.08432652191993147,0.08463948741211497,0.08526750355823859,0.08641017009484138,0.08788600649345411,0.08898103455184139,0.08913480377882625,0.08873152426538135,0.08833733947325269,0.08846763517878808,0.08888481830269028,0.08904733719944234,0.08894915894386073,0.08883360996722295,0.08909720442340337,0.0895221507994697,0.08955606965959471,0.08935211971469333,0.08913876016509885,0.08892163557985987,0.08881896383771956,0.08909548352189438,0.08952779616330993,0.08984042836795764,0.09023777435850973,0.09076704793504958,0.09132708038161824,0.09135936162701075,0.09073978892647569,0.09001592142174654,0.08957731915212575,0.0893219691162787,0.0891420880087087,0.08902382893255985,0.08883917129880958,0.08832626528679682,0.08764768922063998,0.0871978946554673,0.08693485632075175,0.08673024765232837,0.08653213001110487,0.08631673663262437,0.08606756157891786,0.08576838541904744,0.08540688937797576,0.08502295819283974,0.08477489674903597,0.08470090099150951,0.08471374875691065,0.08477143653831212,0.08486365340301594,0.08498792381090205,0.08514223365194869,0.08532734226100813,0.08554849428603128,0.08581822500781314,0.08615883997996845,0.08659712823565557,0.08713878523912985,0.087752024883698,0.08840029299748901,0.08907139972064575,0.08977842965810648,0.09056377997673178,0.09152628231187565,0.09273110210408628,0.09381767929974283,0.09462231269424483,0.09526009134408434,0.09580824085644543
NMG_Julia_2000_dt_5.50e-06_Nx_512_neumann_dtout_1025p_SAV_Julia_2000_dt_5.50e-06_Nx_512_neumann_dtout_1025p,0.0,0.008897208453794518,0.00634408666259792,0.007207105240212703,0.010416308058039697,0.015417433780065019,0.021347159844254553,0.02679835518477273,0.03133408082521534,0.03540391382636157,0.03879226611744021,0.04101018001569415,0.042054131980264406,0.04232098896585921,0.04234197187202303,0.04260751657471121,0.043693716682428725,0.045902590250097144,0.049005220407934355,0.05247890669600287,0.055560989627524336,0.05803914937673352,0.059923444130612284,0.06125296781219799,0.06206587906675018,0.06276674604308534,0.063739648990154,0.06466037571131851,0.06493397568956309,0.06494745195094394,0.06511146365211765,0.06527794464609527,0.06543473612857298,0.06552534455557853,0.06542481132230751,0.06513188871344394,0.06473499134071181,0.064555109340584,0.06461228803813014,0.06474682758731692,0.06524421095256701,0.06551924171203434,0.06510527341671568,0.06474085596413974,0.0646462928150858,0.06475651241937638,0.06516432008265007,0.06558819945354108,0.06597056885778094,0.06626294718212533,0.06629510666167966,0.06595054776435748,0.06556881610575857,0.0654058739896322,0.06533275504520418,0.06528246498346178,0.06529155527695785,0.06555264384857369,0.0657147617457938,0.06556646556218068,0.06565028695600186,0.06612997985740333,0.06697609297152965,0.06775259017773479,0.06816364245660018,0.06819600374490016,0.06815220838756596,0.0682749892882441,0.06849505804393889,0.06883661591037872,0.06933995416396566,0.06960056342730507,0.06966102412232363,0.07009655159108631,0.07050201813489354,0.07069592461729352,0.07074593162805698,0.070714992348263,0.07069516646846473,0.07081860558976284,0.07101783578750809,0.0712368169827947,0.07155700570935432,0.07200569662609857,0.07215099721325147,0.07174821228205111,0.07109448266989521,0.07083482699633785,0.07096906970206356,0.07121599606867943,0.07138764441370166,0.07166493288983204,0.07207333364735631,0.07257369345144594,0.07315542198209278,0.07384055888181047,0.07467589825804011,0.07573728907558666,0.07706022352384476,0.07848016774390017,0.08011236354302373,0.08201206173851064,0.08424375869212626,0.0865617449410195,0.08823417448735629,0.08951249044891614,0.09119751430507031,0.0935789926199126,0.09573842930013259,0.09752020434931612,0.09910335061141502,0.10000197381877234,0.1004287421746783,0.10129475216042348,0.10257191358039167,0.10343379322166746,0.1039665156838649,0.10472612169556467,0.10576456731457354,0.10656317588235088,0.10648406286550068,0.10582798378342145,0.10513021659780698,0.10460996650215548,0.10417958444742234,0.10390714933511132,0.10411948017740279,0.10464180589231835,0.10504120679703867,0.10504498257315657,0.10472266050342621,0.10426413484913397,0.10394240979676242,0.10418756325638044,0.10516096814418498,0.10658880691577843,0.10783616707872226,0.10903369055986814,0.11004282558424817,0.11089265132919586,0.11191198126148907,0.11289119508545747,0.11359505844032822,0.11428198626186092,0.11546103554114036,0.11701293833525327,0.11818229334451824,0.11864089748730479,0.11864685226168088,0.11843183215209488,0.11804803892223051,0.11769722619660997,0.11762283457710059,0.1177219871695308,0.1178528036477702,0.11807448748590038,0.11841237572648866,0.11871254265106009,0.11879695423230943,0.11887172026087613,0.11913084473531754,0.11944316895031314,0.11987499783465656,0.12044042267870547,0.12080727752541402,0.12084283369830798,0.12059338791153384,0.12028531789480179,0.12024489461466603,0.12039335081434759,0.12062436466270976,0.12091623240334196,0.12129501292128522,0.12184467403540994,0.12257359346634285,0.12315333592198255,0.12348443995352754,0.12366155899001076,0.12374939210123262,0.12378005664699016,0.123770885554067,0.12373525402521093,0.12368536993863513,0.12363681793880034,0.12360973158956988,0.12361850826923237,0.12365176813640305,0.123679218239658,0.12367771651405648,0.12363614278728584,0.12354831285858574,0.12340924893680438,0.1232282072064087,0.12308576446393772,0.12307401702047119,0.12315352412780776,0.12328091106564472,0.12344226078209025,0.12363380950201569,0.12385486678738523,0.12410698938624996
