compared_files,1,2,3,4,5,6,7,8,9,10,11,12,13,14,15,16,17,18,19,20,21,22,23,24,25,26,27,28,29,30,31,32,33,34,35,36,37,38,39,40,41,42,43,44,45,46,47,48,49,50,51,52,53,54,55,56,57,58,59,60,61,62,63,64,65,66,67,68,69,70,71,72,73,74,75,76,77,78,79,80,81,82,83,84,85,86,87,88,89,90,91,92,93,94,95,96,97,98,99,100,101,102,103,104,105,106,107,108,109,110,111,112,113,114,115,116,117,118,119,120,121,122,123,124,125,126,127,128,129,130,131,132,133,134,135,136,137,138,139,140,141,142,143,144,145,146,147,148,149,150,151,152,153,154,155,156,157,158,159,160,161,162,163,164,165,166,167,168,169,170,171,172,173,174,175,176,177,178,179,180,181,182,183,184,185,186,187,188,189,190,191,192,193,194,195,196,197,198,199,200,201
NMG_MATLAB_2000_dt_5.50e-06_Nx_128_neumann_dt_out_1075p_SAV_MATLAB_2000_dt_5.50e-06_Nx_128_neumann_dt_out_1075p,0.0,0.012804660608584548,0.007182434896637338,0.005413548608441567,0.004502201144713808,0.003910652287531394,0.0034872041177349015,0.0031689091296037333,0.002922540389825674,0.002728026747962675,0.0025722062087399724,0.002445975504068454,0.0023428143885557786,0.0022579430543244947,0.0021878009549775573,0.0021297037339843344,0.0020816070246440217,0.00204193885221664,0.0020094784437662233,0.00198326763146913,0.001962545712541262,0.001946701427515265,0.0019352375127914062,0.0019277445005427862,0.0019238813073294422,0.0019233607876269828,0.0019259389019537308,0.001931406503342972,0.0019395830111381778,0.0019503114377880518,0.0019634543813268897,0.0019788907047601726,0.0019965127032796795,0.0020162236210977532,0.0020379354227605677,0.002061566758878974,0.0020870410897086984,0.002114284949054597,0.002143226344174359,0.002173793296085617,0.0022059125310814223,0.0022395083376367366,0.002274501604548733,0.002310809058256667,0.0023483427159447174,0.002387009572100775,0.0024267115348377212,0.002467345626096319,0.0025088044574393,0.0025509769878636346,0.00259374956327886,0.002637007228281416,0.002680635289962465,0.0027245210992538726,0.002768556003008905,0.002812637403882232,0.0028566708527534394,0.00290057208813046,0.0029442689306399396,0.002987702939978015,0.0030308307481501616,0.003073624996438553,0.003116074822935501,0.0031581858733606832,0.0031999798358599615,0.0032414935298957794,0.0032827776068340814,0.0033238949393355303,0.003364918793899571,0.0034059308849970133,0.0034470194086089934,0.003488277142098704,0.0035297996831730495,0.00357168388100015,0.003614026492661108,0.003656923078011473,0.003700467129825763,0.0037447494219501457,0.0037898575484356235,0.0038358756206077348,0.00388288408722273,0.0039309596418921275,0.003980175186464736,0.004030599820431034,0.004082298832834142,0.0041353336768052374,0.004189761913396012,0.0042456371142518805,0.004303008719085031,0.004361921846828539,0.00442241706431101,0.0044845301189927545,0.004548291646039909,0.0046137268619392885,0.004680855258956734,0.004749690316867847,0.004820239248093807,0.004892502809474651,0.004966475112437484,0.0050421436325120235,0.005119489231016954,0.005198486319752912,0.0052791031533763145,0.00536130225935184,0.005445041012247471,0.0055302723509385665,0.005616945629922153,0.0057050075820272005,0.005794403358725004,0.0058850775970381245,0.005976975450079953,0.00607004350525448,0.006164230508966526,0.006259487817659323,0.00635576950421409,0.0064530320676824725,0.006551233720651697,0.006650333260372973,0.006750288563778273,0.006851054778774031,0.006952582311209223,0.007054814723833411,0.007157686672339322,0.007261121997012876,0.007365032076708255,0.007469314527018369,0.0075738522969320664,0.007678513188653778,0.0077831497964263785,0.00788759983503102,0.007991686812322705,0.008095220987547941,0.008198000556137614,0.0082998130046534,0.008400436589968537,0.0084996419104188,0.008597193551563242,0.008692851803760481,0.008786374461039668,0.00887751871959648,0.00896604319733796,0.009051710094813223,0.009134287511309703,0.009213551921245415,0.009289290801329494,0.009361305385333547,0.00942941350774475,0.009493452482296046,0.009553281950263835,0.009608786627319104,0.009659879062170487,0.009706501490031489,0.009748627844512301,0.009786265425714093,0.009819455335214364,0.009848273103079909,0.00987282781530332,0.009893261174215507,0.00990974564998672,0.009922481892890658,0.009931695581553842,0.009937633702267759,0.00994055991848658,0.009940750430181253,0.009938489489687688,0.009934064104286197,0.009927759771000928,0.009919856448113483,0.009910624766566418,0.009900322711127896,0.009889193212284911,0.009877462164757968,0.00986533707273727,0.009853006283276457,0.00984063875066431,0.009828384285145191,0.009816374315361394,0.00980472242820643,0.009793525828657964,0.009782866210292103,0.009772811321182042,0.009763416359045752,0.009754725443544509,0.009746772746286457,0.009739583549521678,0.009733175558722901,0.009727559959728549,0.00972274262122934,0.009718724361583268,0.009715501891813996,0.009713068176471773,0.009711412986866263,0.00971052358949588,0.009710385181450653,0.009710981679572761,0.009712295817528586,0.00971430834060173,0.009716999213329336,0.00972034800082959,0.009724333388168116,0.009728933635561234
NMG_MATLAB_2000_dt_5.50e-06_Nx_128_periodic_dt_out_1075p_SAV_MATLAB_2000_dt_5.50e-06_Nx_128_periodic_dt_out_1075p,0.0,0.012730854892864286,0.007096727435360214,0.005333630722072369,0.004396577279819436,0.0037930161550816808,0.003374752886576372,0.0030705850088368182,0.0028400960722621484,0.0026593823987353825,0.0025139628456536736,0.0023947681826831805,0.002295860834616443,0.0022131517453060725,0.0021436814484812414,0.0020852149384817777,0.00203600892643712,0.001994673161855178,0.001960083214949659,0.00193132192559279,0.0019076374718281011,0.0018884117004316955,0.001873135302088494,0.001861387905069728,0.0018528219115046863,0.0018471492865915428,0.0018441307212709848,0.0018435667169637905,0.0018452902289553435,0.0018491605722851863,0.001855058348389622,0.00186288119694583,0.0018725402141314303,0.0018839569118699316,0.0018970606177044478,0.001911786237367305,0.001928072320904987,0.0019458593871099544,0.0019650884751609594,0.00198569990217281,0.002007632214336965,0.0020308213270292456,0.0020551998551200275,0.0020806966386167623,0.002107236471923519,0.002134740046211736,0.0021631241134182776,0.0021923018780223296,0.002222183618778207,0.0022526775358416803,0.0022836908115482215,0.002315130864136188,0.00234690676374287,0.002378930769963628,0.0024111199408381055,0.002443397755577038,0.002475695686336549,0.002507954652560539,0.0025401262921119837,0.002572173988746279,0.0026040736055093173,0.002635813887754486,0.0026673965162582326,0.0026988358114025837,0.002730158108531997,0.002761400843849846,0.0027926114061434877,0.0028238458205027015,0.002855167336964243,0.0028866449967000604,0.002918352243055869,0.0029503656419723034,0.002982763719326806,0.00301562601600534,0.0030490323017566072,0.003083061976436445,0.0031177936410822856,0.0031533048118609634,0.0031896717457112677,0.003226969343543103,0.0032652710976749963,0.0033046490523970778,0.0033451737513080534,0.0033869141493293366,0.003429937474955317,0.00347430903129393,0.0035200919308150352,0.0035673467620256673,0.0036161311895670403,0.0036664994927753532,0.0037185020504712234,0.003772184781638789,0.0038275885564736344,0.0038847485944233083,0.0039436938705333475,0.004004446555687283,0.004067021519705867,0.004131425930945957,0.004197658987000688,0.004265711813374017,0.004335567562905177,0.004407201745543853,0.0044805828071145075,0.004555672964057615,0.004632429284438198,0.004710804985197214,0.00479075089612104,0.004872217019832418,0.004955154099570035,0.005039515094546604,0.005125256457353082,0.005212339111633251,0.005300729042881338,0.005390397435564481,0.0054813203210064936,0.005573477733933344,0.005666852408602329,0.005761428078950343,0.005857187470182454,0.005954110086295454,0.006052169904784335,0.006151333084736216,0.0062515557844940815,0.0063527821665723795,0.006454942646431534,0.006557952421454876,0.006661710298804347,0.0067660978242774835,0.006870978708505528,0.006976198541964581,0.0070815847915555235,0.007186947077516898,0.007292077734548398,0.007396752669874237,0.007500732532635068,0.007603764215338969,0.0077055827029540586,0.007805913282232552,0.007904474115310256,0.008000979168603253,0.008095141475117864,0.008186676693170625,0.008275306908809846,0.008360764613980741,0.008442796778712564,0.008521168923730275,0.008595669090028818,0.008666111595729173,0.008732340467966226,0.008794232439347434,0.00885169940516078,0.008904690249813333,0.008953191967649158,0.008997230025352517,0.009036867938708422,0.00907220606554991,0.009103379644446493,0.009130556140037195,0.009153931977697203,0.009173728776081075,0.009190189199361255,0.009203572561134977,0.00921415031532601,0.009222201564967239,0.009228008712054828,0.009231853354742673,0.009234012523650402,0.009234755327038222,0.00923434005508492,0.009233011772330177,0.0092310004088791,0.009228519343844986,0.009225764458471243,0.009222913626951176,0.00922012660157758,0.009217545244272308,0.00921529405324607,0.009213480930521278,0.009212198139755896,0.009211523404082954,0.009211521098420423,0.009212243495391912,0.009213732028712241,0.009216018543643213,0.009219126509545294,0.009223072174634223,0.009227865647893076,0.009233511911620258,0.009240011837122636,0.009247362839076751,0.009255559578960357,0.009264594566511089,0.0092744588131401,0.00928514233501068,0.0092966346199077,0.009308924703339319,0.009322001414333415,0.009335853843037338,0.009350471365804481,0.009365843627355647,0.009381960745519774
NMG_MATLAB_2000_dt_5.50e-06_Nx_64_neumann_dt_out_1075p_SAV_MATLAB_2000_dt_5.50e-06_Nx_64_neumann_dt_out_1075p,0.0,0.025870274179231104,0.014198120185303725,0.010108971368180309,0.008127214905789425,0.006950915323790092,0.006156273139810793,0.0055692043159411,0.005107530256263658,0.004729601071649163,0.0044126782543930584,0.0041430380056392355,0.0039114505493445416,0.0037111389887190985,0.0035368441405513366,0.0033843653110736433,0.0032503017326565025,0.003131881036474467,0.0030268307299233877,0.0029332764041985547,0.002849660293882417,0.0027746767654841923,0.0027072219727998018,0.0026463550589164884,0.0025912684614708328,0.00254126517739162,0.002495741217443675,0.0024541718624762044,0.002416100678230899,0.002381130531517876,0.0023489160736034857,0.0023191573222187474,0.0022915940915619807,0.002266001100859337,0.002242183645791556,0.0022199737522776643,0.002199226753589075,0.0021798182458884073,0.0021616413846039266,0.002144604489844788,0.0021286289319361507,0.0021136472703559613,0.002099601621451805,0.002086442231558781,0.002074126234246856,0.0020626165714983102,0.0020518810605780124,0.0020418915895901607,0.0020326234268160347,0.0020240546295175067,0.002016165540474122,0.0020089383605795177,0.0020023567880772045,0.001996405715513009,0.001991070976822077,0.0019863391376927345,0.0019821973231355346,0.0019786330772564686,0.001975634250431661,0.0019731889099349744,0.0019712852705942073,0.0019699116421755605,0.001969056391121171,0.001968707914081914,0.0019688546213780874,0.001969484928453968,0.0019705872539686484,0.0019721500231514454,0.001974161675238752,0.0019766106741401003,0.0019794855212477533,0.0019827747700607427,0.0019864670416270993,0.0019905510405770752,0.0019950155711678124,0.0019998495531417214,0.0020050420369252405,0.0020105822181426675,0.0020164594510939837,0.0020226632612428156,0.0020291833564299627,0.0020360096369706564,0.0020431322043496934,0.0020505413687265696,0.0020582276551851433,0.0020661818086416305,0.0020743947976932715,0.0020828578171584503,0.0020915622895721357,0.0021004998657774086,0.0021096624243148033,0.002119042070105174,0.0021286311322293947,0.002138422160948186,0.0021484079240977807,0.0021585814028645617,0.002168935786976637,0.002179464469493456,0.002190161041165316,0.0022010192844178432,0.0022120331671891093,0.0022231968363140655,0.0022345046109665616,0.002245950975868489,0.0022575305743281785,0.0022692382014917506,0.0022810687973350403,0.0022930174398213144,0.002305079338109981,0.0023172498258708127,0.002329524354647907,0.0023418984874604676,0.002354367892525883,0.0023669283371087904,0.002379575681689242,0.0023923058742453375,0.002405114944799993,0.0024179990001076445,0.002430954218732468,0.002443976846291477,0.0024570631908425043,0.0024702096187313493,0.0024834125505173114,0.0024966684572399153,0.002509973856871706,0.0025233253111356245,0.002536719422410539,0.002550152830999511,0.0025636222126077905,0.0025771242760028977,0.002590655761018357,0.00260421343667936,0.0026177940995685514,0.002631394572420899,0.002645011702949251,0.0026586423628030854,0.0026722834467611577,0.0026859318720909102,0.0026995845781132006,0.002713238525914161,0.0027268906981355204,0.0027405380991204894,0.0027541777549607138,0.0027678067138752725,0.0027814220466404124,0.0027950208470889737,0.002808600232804134,0.002822157345896559,0.0028356893538848205,0.0028491934505840803,0.0028626668572131067,0.0028761068235033833,0.0028895106288727933,0.002902875583634827,0.0029161990303823446,0.002929478345241219,0.0029427109393387646,0.0029558942601493397,0.002969025793061868,0.00298210306273867,0.0029951236346185085,0.0030080851164647512,0.0030209851598391796,0.003033821461631813,0.0030465917654827934,0.003059293863283045,0.0030719255967097026,0.0030844848585586345,0.0030969695941694543,0.003109377802826193,0.003121707539038915,0.0031339569138509175,0.0031461240960678656,0.0031582073134174375,0.0031702048536647225,0.0031821150656538857,0.0031939363603434657,0.003205667211643924,0.0032173061572749666,0.003228851799542883,0.0032403028059705807,0.003251657909944341,0.0032629159111084473,0.003274075675869442,0.0032851361376673178,0.0032960962971197855,0.003306955222255794,0.003317712048427557,0.0033283659782464667,0.0033389162814306747,0.003349362294507843,0.0033597034203702147,0.0033699391278445017,0.0033800689510308096,0.0033900924887007057,0.003400009403420032,0.0034098194206773585,0.0034195223279481985,0.003429117973639047,0.0034386062658237947,0.0034479871711367966
NMG_MATLAB_2000_dt_5.50e-06_Nx_64_periodic_dt_out_1075p_SAV_MATLAB_2000_dt_5.50e-06_Nx_64_periodic_dt_out_1075p,0.0,0.025753931787632377,0.014205676717817022,0.010152212085277074,0.008102500755503296,0.006875432792959932,0.006073427534300984,0.005507403666748185,0.005077852628816047,0.004732267081760127,0.0044426187412136536,0.0041932193697763395,0.0039745982307219435,0.003780550120912187,0.003606719884264105,0.0034498968702220134,0.0033076340236214154,0.0031780204853855388,0.0030595331361624838,0.002950933875136944,0.002851196577172938,0.002759454779749295,0.002674964298441552,0.0025970766123217222,0.0025252199200107733,0.0024588855597431963,0.0023976181109094043,0.0023410079842847973,0.002288685679917108,0.002240317164901126,0.002195600015732035,0.002154260101202828,0.0021160486673833323,0.0020807397406746686,0.0020481277968502245,0.0020180256630693023,0.00199026262962228,0.0019646827534257442,0.0019411433375486988,0.0019195135720865906,0.0018996733222455676,0.0018815120498564626,0.0018649278552945528,0.0018498266270374488,0.0018361212873732856,0.0018237311232041885,0.0018125811923719033,0.001802601796405398,0.001793728011714669,0.0017858992724489172,0.001779058998441061,0.0017731542630643827,0.0017681354960285476,0.0017639562170158349,0.0017605727963505248,0.0017579442396256641,0.0017560319934949136,0.0017547997700388558,0.0017542133876526653,0.001754240626617431,0.0017548510975292481,0.0017560161214615043,0.0017577086201519287,0.0017599030154677544,0.0017625751369630582,0.0017657021367728622,0.0017692624109107817,0.0017732355265124438,0.0017776021543354644,0.001782344005839296,0.0017874437747107078,0.0017928850820928663,0.0017986524253621077,0.0018047311301994163,0.0018111073053130276,0.0018177678000036947,0.001824700164151339,0.0018318926103197636,0.0018393339781341705,0.0018470137003258873,0.0018549217707432772,0.0018630487140240536,0.0018713855566957825,0.0018799237998538812,0.0018886553931738458,0.001897572710251139,0.0019066685250298194,0.001915935989585205,0.001925368612907499,0.001934960240665579,0.0019447050361516148,0.001954597461942729,0.0019646322626840915,0.001974804448592092,0.0019851092798542185,0.001995542251796467,0.0020060990808441572,0.002016775691101823,0.0020275682018315797,0.0020384729153920577,0.0020494863059568823,0.002060605008732979,0.0020718258099097523,0.0020831456370487772,0.0020945615500605782,0.002106070732754627,0.0021176704847877346,0.0021293582141680644,0.0021411314301692697,0.0021529877367703035,0.0021649248264101356,0.0021769404741515336,0.0021890325324050836,0.002201198925739567,0.0022134376463204433,0.002225746749500603,0.002238124349849411,0.0022505686174640878,0.0022630777744431993,0.0022756500919485024,0.0022882838872283866,0.0023009775210582444,0.0023137293954356205,0.0023265379514197464,0.0023394016672787627,0.002352319056788084,0.002365288667791201,0.0023783090809633375,0.002391378908593927,0.0024044967937594955,0.0024176614095009668,0.0024308714582973257,0.0024441256715014904,0.0024574228089879867,0.0024707616590466447,0.002484141038208751,0.002497559791250953,0.002511016791371983,0.002524510940275163,0.002538041168543234,0.0025516064359150307,0.0025652057317642777,0.002578838075527992,0.002592502517298636,0.002606198138294461,0.0026199240515123547,0.002633679402388806,0.0026474633693481966,0.00266127516458478,0.002675114034667034,0.0026889792611967324,0.0027028701615081415,0.002716786089279933,0.002730726435203644,0.002744690627611281,0.0027586781329459534,0.002772688456421426,0.0027867211424110277,0.002800775774984088,0.0028148519782760215,0.002828949416821642,0.002843067795757121,0.002857206861192205,0.0028713664002584993,0.0028855462411194873,0.0028997462531193076,0.002913966346558826,0.0029282064725542514,0.0029424666228872673,0.002956746829533238,0.002971047164275351,0.0029853677382188078,0.0029997087011891595,0.003014070240931085,0.003028452582409632,0.0030428559869123376,0.003057280751066325,0.003071727205725787,0.0030861957148542113,0.003100686674297595,0.0031152005103897086,0.0031297376785866518,0.0031442986618990323,0.003158883969384538,0.003173494134417875,0.003188129713027942,0.00320279128202891,0.0032174794371851428,0.003232194791270013,0.0032469379720909933,0.003261709620410529,0.003276510387898227,0.00329134093497358,0.003306201928658808,0.0033210940403457724,0.003336017943609446,0.0033509743119386278,0.0033659638164936032,0.003380987123846987,0.0033960448936438178,0.00341113777644422
NMG_MATLAB_2000_dt_5.50e-06_Nx_256_periodic_dt_out_1075p_SAV_MATLAB_2000_dt_5.50e-06_Nx_256_periodic_dt_out_1075p,0.0,0.006649598122027484,0.004199512376133044,0.003293894223474706,0.0028217996938377575,0.0025424610691315783,0.0023692816337821656,0.002265319379973672,0.002214045127828252,0.0022087571750769776,0.0022480141987771883,0.0023330105175639027,0.0024655095240457953,0.0026460441286075753,0.0028725362975373127,0.0031397273137856122,0.003439870961792825,0.003764626095181741,0.004107322044307119,0.004464696461648985,0.004837524650377541,0.005229512393333005,0.0056443376079994305,0.006082425471877103,0.006539973107554062,0.007011025804876309,0.007490484652208999,0.00797510763131469,0.008461681672436435,0.008944250998134323,0.00941316563336859,0.009857079339109572,0.010266381274820508,0.010635663503398632,0.01096423387381279,0.011255212324974449,0.011514111705916352,0.011747467420618656,0.011961810494318196,0.012163188972934065,0.012357133468068882,0.012548501398742353,0.012740660654131302,0.012934148082263616,0.01312571344902462,0.013308889159989037,0.013476342038384524,0.013622630646396298,0.01374555494380185,0.013845912376043542,0.013926768644121594,0.013992701681842998,0.014048785830499786,0.01409947037730059,0.014147810840819801,0.014195192068565888,0.014241323790365926,0.014284353935088968,0.014321164847316685,0.014348066956301645,0.014362043104629685,0.014362373919148907,0.014351941493633487,0.014337344084331386,0.014327567891130731,0.014331834289344685,0.014357519151941743,0.014408740483725915,0.01448584328469497,0.014585746490030164,0.014702930598851326,0.01483074387635613,0.014962683777857973,0.01509335005971125,0.015218885823680594,0.015336946834470363,0.015446376082190183,0.015546772674702999,0.01563812676122089,0.01572071514653474,0.01579538780114649,0.015863937067839864,0.015928905759266906,0.015992877648231985,0.01605797986078985,0.016125790392282405,0.016197280778356825,0.016272623566322062,0.016350958000463815,0.01642994506026152,0.016504854583518625,0.01656816891098313,0.016611599807208617,0.016630622497027087,0.016628074313969555,0.01661281138139436,0.016594457093572053,0.016579354757878587,0.016570358494248354,0.01656888673722403,0.01657681507593446,0.01659717118578695,0.016633898164720173,0.01669142597443108,0.01677446103951473,0.016887599346589538,0.017033465618668774,0.017207466166975844,0.017389136753001477,0.01753848945446067,0.017613519222540692,0.017604125393793704,0.01754258526067726,0.01747559837447134,0.017435455331750397,0.01743570009910335,0.01748010612142824,0.017570701335882916,0.01771160925313594,0.01790982326952263,0.018173187369115912,0.018503909589303206,0.01888553938598774,0.01926738023012306,0.019564176750438353,0.019689904464387637,0.019610178697273342,0.01936611785738558,0.019044569339495904,0.018724876325201374,0.018451018789924542,0.01823712676739044,0.01808253691153549,0.017980934806357457,0.017922912554150877,0.01789625327954664,0.017888617671982913,0.017893844990718173,0.017915776631845064,0.017964231298285938,0.018048262930558494,0.01817346855377244,0.018342688135522013,0.018556490338057712,0.01881181232656655,0.01909998495222891,0.01940841406491044,0.01972932825091535,0.02006881714523087,0.020443399409136392,0.02086657074062487,0.0213402390838769,0.02185570908845154,0.02239838588480242,0.022951679986583862,0.023499346948004304,0.024026738622946395,0.02452137020668978,0.024973038521315608,0.025373672663081936,0.025717082370930046,0.025998736677610376,0.026215653923995143,0.02636642167554938,0.026451295107975767,0.026472241178014125,0.02643273164977313,0.026337108456244342,0.02618966811242762,0.025994404470495516,0.025756745515703956,0.025486551289212775,0.025198940146011917,0.024911944040836985,0.02464399953129324,0.02441272118823804,0.02423317409389508,0.024113423535134296,0.024047003111006708,0.024006293328684373,0.023945892123726407,0.02382167097668984,0.023615504537035998,0.023345559933907474,0.02305244122277137,0.02277172279422654,0.02251605694788364,0.022281360576491136,0.022065465066128657,0.021875990158951135,0.02172303176379557,0.02161064276685242,0.02153573658500268,0.021491514422635794,0.02147072557280643,0.021467270502605586,0.02147658237792905,0.021495454310577138,0.02152172008124884,0.02155397386673611,0.02159137545286643
NMG_MATLAB_2000_dt_5.50e-06_Nx_256_neumann_dt_out_1075p_SAV_MATLAB_2000_dt_5.50e-06_Nx_256_neumann_dt_out_1075p,0.0,0.006636013547500895,0.004212567031178115,0.0033157043492843606,0.0028545034619685667,0.0025923138844226807,0.002441784790376666,0.0023633700219490884,0.00233769663267898,0.0023557413103772675,0.002414275447338711,0.0025128454374052462,0.002651673769861497,0.0028305189008043154,0.003048003772146583,0.0033009676047832523,0.003584310250220721,0.003891991893423983,0.0042189350676904245,0.004562896292445687,0.004925244498279372,0.00530972238834674,0.005719329665042034,0.00615320653023912,0.006605898990554664,0.00706959096907229,0.007537310955832261,0.008004419033455036,0.008467373347553897,0.008921045973869337,0.009357104134649593,0.009765381542760519,0.010137659472919891,0.010470945829325765,0.010767958851014538,0.011035255152674419,0.011280899572949863,0.011512770976505883,0.011737466070499625,0.011959658658157943,0.012182078621569233,0.012405976336767318,0.012631317982886171,0.012856150036077521,0.013075763942550991,0.01328310248698385,0.013471009899932971,0.013635050804877728,0.013774925629783576,0.013893997908564371,0.013998010860770882,0.014093978158003485,0.01418949907923023,0.014292429866275486,0.014410787935016945,0.014552806252779741,0.014726962166693744,0.01494191556039414,0.015206325366555437,0.015528550844104675,0.01591629006815644,0.016376234186528314,0.016913715630732806,0.017532231552379648,0.018232676587636387,0.01901239366178764,0.0198649011167002,0.020781408337574626,0.021753445205131394,0.022773998155443245,0.02383633175912729,0.024932478902985715,0.02605298985487756,0.027187776911952597,0.02832730119023203,0.02946359787712253,0.03059092955747435,0.03170601050225337,0.032807824328275836,0.03389711578516943,0.034975659958825144,0.03604534002089652,0.03710710886902207,0.03816025611292012,0.03920241753453459,0.040230130071962585,0.041239356257561144,0.04222567810781509,0.04318428294843953,0.044110013902841506,0.044997626633467534,0.04584219088570714,0.046639492983379674,0.04738635749536187,0.04808088770989568,0.04872263577969093,0.04931268274159716,0.049853593992812285,0.05034923344227546,0.050804439409766824,0.05122457260262064,0.05161495550679631,0.05198024853135297,0.052323851559408975,0.052647420672852135,0.05295044168617822,0.05322942580891792,0.05347604416712725,0.053674921374471427,0.05380587166431253,0.053855153306590166,0.05382718458067291,0.05374212954555843,0.053623778270478005,0.05349244162800231,0.05336497350161455,0.053256208075740954,0.05317908461188722,0.0531439510704803,0.05315806482246316,0.05322541128161925,0.05334576194347536,0.053511506697662956,0.05370300627030513,0.053888583830090465,0.054035940308614284,0.05412897357699977,0.054174573145748785,0.054194937980083326,0.05421390063320772,0.05424709343716681,0.054300318441204,0.054373166923648346,0.05446275772771121,0.05456565822185334,0.05467854653793509,0.054798405334531335,0.05492260264802649,0.05504894874141045,0.05517573771686413,0.05530176631746395,0.055426321100235425,0.05554913390636042,0.05567031762048174,0.055790300034430085,0.05590976989945648,0.05602964233685831,0.05615104767750692,0.05627534658642746,0.05640416979983504,0.05653946410238096,0.05668347705184601,0.05683849819416265,0.057005979918001125,0.057184578206980245,0.05736741974049628,0.05754115744381361,0.057690514383837044,0.057807181870589676,0.05789555171215626,0.05796999727093421,0.058046383378007445,0.05813484896045542,0.058238046243845314,0.05835312267440107,0.05847450287700531,0.058597095127042934,0.05871928816275996,0.05884290001448952,0.05897014228217371,0.05910189634738247,0.0592387660300143,0.05938206056077742,0.05953323258674159,0.05969313960632662,0.059862060816132406,0.060040086113275604,0.06022742244427564,0.06042453515906217,0.06063218875202905,0.06085142712407651,0.06108345910900042,0.061329329454797805,0.06158919664549277,0.06186120512103929,0.06214069744463615,0.06242155798529945,0.06270053390713251,0.06298126881665975,0.06327338852651881,0.06358765281909079,0.06393243033343791,0.06431363425839866,0.06473637118768051,0.06520640609184401,0.06573076728979625,0.06631726628661976,0.06697245215160455,0.06769745752770219,0.06848261584297019,0.06930481377817141
NMG_MATLAB_2000_dt_5.50e-06_Nx_64_periodic_dt_out_1050p_SAV_MATLAB_2000_dt_5.50e-06_Nx_64_periodic_dt_out_1050p,0.0,0.03140853582654349,0.01841410558827685,0.013523422581688802,0.010985325738869362,0.009488988531167112,0.008546607135042914,0.007921824290551173,0.007484229182392696,0.007158992886534158,0.006903076629098137,0.006691812317321584,0.006511009570849824,0.006352374013116331,0.006210906354736428,0.006083452019009481,0.005967901544906325,0.005862752067797576,0.005766866384181749,0.0056793390281504675,0.005599419924410307,0.005526469020629477,0.0054599278012005354,0.0053993003123640375,0.0053441398744685596,0.005294039475738831,0.005248624747201229,0.005207548854977979,0.005170488855853823,0.005137143166554063,0.0051072298597650105,0.005080485546428284,0.005056664645790097,0.005035538884645036,0.00501689690420411,0.005000543887207216,0.00498630114649741,0.004974005640687838,0.00496350940081508,0.0049546788660114185,0.004947394135652505,0.0049415481516532755,0.004937045827794702,0.004933803144138271,0.004931746224194796,0.0049308104114090135,0.004930939359318637,0.004932084147676952,0.00493420243446972,0.0049372576514488415,0.004941218248850436,0.0049460569929992695,0.0049517503189418135,0.004958277738846466,0.004965621305881407,0.00497376513230581,0.004982694959887702,0.0049923977800992924,0.005002861501557504,0.005014074661265853,0.005026026176995492,0.005038705136997102,0.005052100624492052,0.0050662015731637484,0.005080996651118253,0.0050964741701347615,0.005112622017593984,0.005129427608433871,0.005146877854832703,0.005164959151364304,0.005183657373509763,0.005202957887727636,0.005222845571463835,0.005243304841387496,0.005264319688531836,0.005285873719089991,0.005307950199734433,0.005330532106427096,0.005353602175770324,0.00537714295824705,0.005401136872344106,0.005425566259220094,0.005450413437101641,0.005475660754998069,0.005501290645226651,0.005527285674373745,0.005553628592221721,0.005580302378367611,0.005607290286167256,0.005634575883694091,0.005662143091461578,0.005689976216656949,0.0057180599835664776,0.005746379560091124,0.00577492057987619,0.005803669160232292,0.0058326119152200895,0.005861735964080893,0.0058910289345632805,0.005920478961144107,0.00595007467793334,0.005979805206259202,0.006009660136585461,0.006039629505001088,0.006069703763995516,0.006099873747611631,0.0061301306310353205,0.0061604658846098215,0.0061908712225016305,0.006221338546037812,0.006251859882182925,0.006282427317134234,0.006313032925662148,0.006343668696409513,0.006374326453875818,0.006404997777345537,0.006435673917738109,0.006466345712719079,0.006497003501165164,0.0065276370378162946,0.006558235408753855,0.006588786948972234,0.006619279163082349,0.006649698650008146,0.006680031033103406,0.006710260896483316,0.006740371729148761,0.006770345877669113,0.00680016450882117,0.006829807583208896,0.006859253840809825,0.006888480799622939,0.006917464768133463,0.006946180872387639,0.006974603098309947,0.007002704349862642,0.00703045652319555,0.007057830596886375,0.007084796738605033,0.007111324427346322,0.007137382591270651,0.007162939760207821,0.007187964232040976,0.00721242425174593,0.007236288201885824,0.007259524802946486,0.007282103322048668,0.0073039937877700765,0.007325167209463916,0.00734559579866155,0.007365253190554793,0.007384114663045512,0.007402157351052718,0.007419360453835818,0.00743570543281478,0.007451176197648059,0.007465759278262049,0.007479443980722476,0.007492222525130439,0.0075040901634517675,0.007515045275704879,0.00752508944333229,0.007534227498126145,0.00754246754636768,0.007549820967085672,0.007556302384242864,0.007561929612917358,0.007566723579565701,0.0075707082171712625,0.007573910335917068,0.007576359470598267,0.007578087706426173,0.007579129484564597,0.007579521389760235,0.0075793019219338705,0.007578511254080181,0.007577190979277077,0.007575383849027068,0.0075731335057986696,0.007570484212623939,0.007567480582367318,0.0075641673092197844,0.0075605889054303375,0.007556789445463687,0.007552812320096385,0.007548700002700094,0.007544493829673489,0.007540233796773302,0.007535958373126722,0.007531704333661166,0.007527506611787128,0.007523398172345017,0.007519409905701281,0.00751557054301724,0.0075119065928294084,0.00750844229835598,0.0075051996152323995,0.007502198208716437,0.007499455469600606,0.007496986547462247,0.007494804400136762
NMG_MATLAB_2000_dt_5.50e-06_Nx_512_neumann_dt_out_1075p_SAV_MATLAB_2000_dt_5.50e-06_Nx_512_neumann_dt_out_1075p,0.0,0.0056608837952593395,0.0044496839030295915,0.005714044890505087,0.009272155110982677,0.014297216894184322,0.020111850642444303,0.026030580202552313,0.031176782751302232,0.03534111467232354,0.038786040345514985,0.04130602195687759,0.042927049876949896,0.04380588608844848,0.044255294827482965,0.044733675793281906,0.04514663910966795,0.04533306539517712,0.04563791550117073,0.04623172086720543,0.04665094843875641,0.04629922369923175,0.04535137735751023,0.04422831337257767,0.04318209980391098,0.04262448048040242,0.04275030192443447,0.043339641987445394,0.04370401805237851,0.0436697849799793,0.04342189108785307,0.04308318335773464,0.042649773690134826,0.0422922110430888,0.04255807873527816,0.04315511947514387,0.04285165165712965,0.04181658093586836,0.04062147222829937,0.03973803327563872,0.03945347747502601,0.039591678373608635,0.03924714824064368,0.038547450513222135,0.037143355277430734,0.035609418019503465,0.03479538285484093,0.034452234168819415,0.03446918797059503,0.034827289514746805,0.034563311591221564,0.03379238906445515,0.0333602227380932,0.03334335350319496,0.033556233818589166,0.033605853307615105,0.03327271858114689,0.03191410346197929,0.03070803642123934,0.03052505545161125,0.030989751338574664,0.03140742120398272,0.03165920512941311,0.03160268761294118,0.0315341419385905,0.0318913018258243,0.03261711871628442,0.03336914958927333,0.03333654999586784,0.032553806573201075,0.03190552255334206,0.03211344815210787,0.03273015756629591,0.0336352978320745,0.03479139674230016,0.035070140344335365,0.03514944502805833,0.036089721380927434,0.03780726128345952,0.039248976189475995,0.0405322317983453,0.04259397060633122,0.044976689080531464,0.04716032611969464,0.04878492427807867,0.049560590048342436,0.05026712230826773,0.050687815505972525,0.05085461306460936,0.05091493575239642,0.05055951437044366,0.049659757597542306,0.04872399546191132,0.047941978789620844,0.04766144753393673,0.04763706606998861,0.04781614777929402,0.04833592422970021,0.04941679020923401,0.050218493229808446,0.05021056211516294,0.04963241771770994,0.04891999058500556,0.04843007048200291,0.04815537042650358,0.047960917360275385,0.047917903434616445,0.04841437560460596,0.04904763162759109,0.049420278290306284,0.04949425398468277,0.04956881781473928,0.04963988075478545,0.04939996002433216,0.048653280011799714,0.0475379182050223,0.046560542789076724,0.04577266875489645,0.04529332300331639,0.044997876968316225,0.04475193697142005,0.04455396590120462,0.0444666606986742,0.044597100841433424,0.045039877767453745,0.045517302688837635,0.045669319820720165,0.045815804970430404,0.045951477395663305,0.046015014980500674,0.04599504410857643,0.04590190620980515,0.04579084226043863,0.045903671957535294,0.046582470844336046,0.0473524443407706,0.048111254657927434,0.04880643462165249,0.049145732634480174,0.048533520758355014,0.04764320376140468,0.046838684139585,0.04601684105006923,0.045155879925962074,0.04411954827015231,0.04319086691104731,0.042615811258733254,0.04226721370253646,0.042076918969749036,0.04204182047647863,0.042189759550281355,0.042600524548580355,0.04345703608197156,0.04469430477850675,0.04579573591086301,0.04697136464899799,0.048026660993864774,0.04909838465764628,0.050344531066823774,0.05121932322392932,0.0517304976500024,0.052299414033703265,0.05360395575466895,0.05536064450657912,0.0566642102802988,0.05763148091998807,0.05868338743419978,0.060072902232255435,0.061389636599193734,0.06239659666270116,0.06291387509084703,0.06291286824442685,0.06256521994592872,0.062018353470075525,0.06146758520699679,0.06116171090358293,0.060772901651171864,0.05988160982229003,0.05851835111774431,0.05633075629910294,0.05375914327471546,0.05175387168161635,0.050303881849232374,0.04905541830681617,0.047822844416693454,0.04652091364641513,0.04522333502310734,0.04423117068089922,0.043552951746146866,0.04302876819845465,0.04259420302765472,0.04223473234682194,0.04195862099010063,0.04179501334565608,0.0417843891959531,0.04194547063837658,0.04232527506374487,0.04295360701486942,0.04371232419652483,0.04453694928047161,0.04543967864590008
NMG_MATLAB_2000_dt_5.50e-06_Nx_512_periodic_dt_out_1075p_SAV_MATLAB_2000_dt_5.50e-06_Nx_512_periodic_dt_out_1075p,0.0,0.005690282499345315,0.004433768171063569,0.005557619569347436,0.008992243325530766,0.014058725783648748,0.019992539853801464,0.026033808602834087,0.03130137762167949,0.03559310144045566,0.03914200906043125,0.041953062052325525,0.04387955111856346,0.04480062543195879,0.04516227058675152,0.045556354166597604,0.045764274176934634,0.045610931818111086,0.04540580187055022,0.04545267939574973,0.04577319658676078,0.045893466109532356,0.045489411046074575,0.04430933109182479,0.04283557504902334,0.04200346912210225,0.04162695772137648,0.041287195985669205,0.04047231970268583,0.038934189286814844,0.037147751672540724,0.03555146585275435,0.03383731555267818,0.0312475650880961,0.028699555372740188,0.026667148535497148,0.02445284287112836,0.02290600457846134,0.022102835004940705,0.021781841069667726,0.021934105003275205,0.022247982056754968,0.02220967828297735,0.022536681282288275,0.022639575239109384,0.022597591301700297,0.02290139266905802,0.023576451963772477,0.024884135753107543,0.026441106934472706,0.02736055734515992,0.02790243722755739,0.02876500559486096,0.030374325310488594,0.03191491547115316,0.03270279206844474,0.032755045260277685,0.03239971313189488,0.03252145624496688,0.03302948454535544,0.03411083738787789,0.0347704061477632,0.03471930530975671,0.0341765945870764,0.033902741365951415,0.034519496958515895,0.03534734207243017,0.03601570087127544,0.035925977750086636,0.03484452639843089,0.034308579632406536,0.03494073813238615,0.03622410252933172,0.0374138954253317,0.03825557128040617,0.038136867550511995,0.03702369268143652,0.03613054658270439,0.03614911772388881,0.03678955013553207,0.03773605749681604,0.03943900529395427,0.04140807821001434,0.04301030299295418,0.044145083665478334,0.044826090936285756,0.045244164656855046,0.04495988550245642,0.04452377033587144,0.04434461200324487,0.04414474231046832,0.04330801152644593,0.041925171605804154,0.04064771330144783,0.04006501728258539,0.03931494111449516,0.038198539058802036,0.03693388680162847,0.03584910395479003,0.03520611456021949,0.03488925924397087,0.034860595981053906,0.035119735640796235,0.03523102021246532,0.035327879065343425,0.03597941246435506,0.03626933530215466,0.036000860342975366,0.035562457627877075,0.03561823825886535,0.03593746050802054,0.03649713258247187,0.03815581151393873,0.040318805898492634,0.04145409042117765,0.04146646707084409,0.04142747471057028,0.041599406828570856,0.04182548563263652,0.04202485258609676,0.04216279769003737,0.042227509767514076,0.042223756521418944,0.04217888919316477,0.04216175265945306,0.042026805767717675,0.041495059810902284,0.04096344738347518,0.04045542661771061,0.039900457315305206,0.039267485009391076,0.03853024905276568,0.03766175086550244,0.03673051788989268,0.036141367269693456,0.03610054229308462,0.036552330617994934,0.037667492927553274,0.03943010025092049,0.040572726681253064,0.04118526173862137,0.04192560016682621,0.042974157341775475,0.044198285248019754,0.04555776499240374,0.04739851936872624,0.04940449014586007,0.051682744102413074,0.05444202260462379,0.05698418759096763,0.058780983413481175,0.059998339731103016,0.06086939965101735,0.061588769943473606,0.0623708010952421,0.06343929310788696,0.06450993575583354,0.06540681099723777,0.06617246616312385,0.06652900106185793,0.06655902260147957,0.06665219309647362,0.06750210988963487,0.06889417429142473,0.06948845333926042,0.06930360258557693,0.0685538167643063,0.06730686405757726,0.06561654393550607,0.06372884111486654,0.062123749641777075,0.06083245121591663,0.059679748934634,0.058607384052755,0.057663229007999105,0.05694407803478761,0.05624228994381491,0.05532720786247194,0.05417838664993653,0.05253422091647852,0.050636585218756025,0.04937973289497234,0.04882907348086137,0.04799792160354071,0.046648539064933735,0.0449361428912672,0.04344665802623196,0.04311165166422479,0.04317009662620873,0.043109848119575925,0.042916942173154046,0.04253676452738645,0.04191758055381278,0.041065640924943476,0.0402653843951972,0.04011270736173199,0.04048525133179201,0.04107257993349289,0.04175774856978986,0.04251269698532653,0.043352472142366746
NMG_MATLAB_2000_dt_5.50e-06_Nx_64_neumann_dt_out_1050p_SAV_MATLAB_2000_dt_5.50e-06_Nx_64_neumann_dt_out_1050p,0.0,0.031160331782410018,0.018600281878644327,0.013759954217254435,0.011203165951525802,0.00967746953476566,0.008708225180060706,0.008063564364602812,0.007612645341919242,0.007278497643837522,0.0070160092728403,0.006799088741435432,0.006612781967009403,0.006448514057393645,0.006301297565035701,0.0061681338515277495,0.0060471150993721325,0.005936928191405669,0.005836585208829725,0.005745279935858919,0.005662313391801601,0.005587056445526387,0.005518931785174918,0.005457405543507204,0.005401983388247469,0.005352208400188651,0.005307659442178484,0.005267949463573503,0.005232723564213903,0.005201656823619589,0.005174451973336302,0.005150837008464936,0.0051305628252620444,0.005113400953300681,0.00509914142945317,0.005087590842711032,0.0050785705632271205,0.005071915157966611,0.005067470987141413,0.00506509497061189,0.005064653510234983,0.0050660215533096815,0.005069081781335969,0.005073723909570466,0.005079844083293284,0.0050873443580249905,0.005096132252565841,0.005106120364476368,0.005117226039234961,0.005129371085361369,0.005142481528820278,0.005156487400737495,0.005171322553484636,0.005186924500846778,0.005203234278414609,0.005220196320918073,0.0052377583537240886,0.005255871296092252,0.005274489173833179,0.005293569039684788,0.005313070899584942,0.005332957643496374,0.005353194979395776,0.005373751369327578,0.005394597966527997,0.005415708552668832,0.005437059474390841,0.0054586295785784495,0.005480400145640398,0.005502354820333566,0.005524479539650236,0.005546762457424368,0.005569193865344329,0.005591766110262687,0.005614473507437552,0.005637312249743014,0.0056602803129040926,0.005683377356666833,0.005706604621948644,0.005729964824371997,0.005753462044113778,0.0057771016125317785,0.005800889995691392,0.005824834675297214,0.0058489440273296125,0.00587322719874049,0.0058976939828290316,0.005922354693507977,0.005947220039031113,0.005972300995788408,0.005997608682501413,0.006023154235223672,0.006048948683855812,0.006075002830464402,0.006101327129887229,0.006127931573121023,0.006154825573873049,0.0061820178585588696,0.006209516360387997,0.006237328117626359,0.006265459176500875,0.006293914499033523,0.006322697876075957,0.006351811845821029,0.006381257618023216,0.006411035004238685,0.006441142354143578,0.006471576498315621,0.006502332697602023,0.006533404599215582,0.006564784199804832,0.006596461815727316,0.006628426060590929,0.0066606638302204365,0.006693160295464478,0.0067258989027168155,0.00675886138248782,0.0067920277661774895,0.006825376411103895,0.00685888403407999,0.006892525753551338,0.006926275140397949,0.006960104277567001,0.006993983828498739,0.007027883114340724,0.0070617701999993645,0.007095611988841787,0.007129374325879547,0.0071630221093101284,0.007196519410035252,0.007229829598733589,0.007262915480197032,0.007295739434100826,0.007328263562003807,0.007360449839180305,0.00739226027135828,0.007423657054548756,0.007454602737708213,0.0074850603867344795,0.007514993749023845,0.007544367417146781,0.007573146990551857,0.007601299234277964,0.007628792233172109,0.007655595540440613,0.007681680319586994,0.007707019478281993,0.007731587793213333,0.0077553620249354045,0.0077783210217151665,0.007800445811376611,0.007821719680858322,0.00784212824226089,0.007861659485339975,0.007880303815973,0.007898054080281644,0.00791490557420494,0.007930856038948534,0.00794590564201503,0.00796005694441639,0.007973314854389825,0.007985686567946385,0.007997181497257106,0.008007811187304004,0.008017589221599281,0.008026531118234502,0.008034654216603437,0.008041977556380522,0.008048521749434859,0.008054308845951355,0.008059362195848857,0.008063706306336947,0.008067366697268786,0.008070369754853444,0.008072742585145875,0.008074512868225407,0.00807570871413725,0.008076358521597611,0.008076490840281857,0.00807613423782512,0.008075317172000168,0.00807406786907314,0.008072414208954298,0.008070383617765053,0.008068002968165518,0.008065298488286105,0.008062295679186636,0.00805901924151335,0.00805549301123542,0.008051739904909332,0.00804778187440643,0.008043639870790577,0.008039333817945443,0.008034882594967891,0.008030304027646793,0.00802561488863909,0.008020830905793598,0.00801596677818875,0.00801103619989812,0.00800605189008563,0.008001025629827878
NMG_MATLAB_2000_dt_5.50e-06_Nx_128_periodic_dt_out_1050p_SAV_MATLAB_2000_dt_5.50e-06_Nx_128_periodic_dt_out_1050p,0.0,0.01685612849906237,0.01066794522750812,0.008454763245326371,0.007315260475376765,0.006637904299318985,0.006205024797731262,0.005921216383380193,0.005736848756015977,0.005622014596620176,0.005556860684477435,0.005527551739285728,0.0055242584650538815,0.005539967308073143,0.0055696984139132575,0.00560996605430981,0.005658396483103414,0.00571345064949876,0.005774216992096816,0.005840251274718208,0.005911448540798001,0.005987937858387532,0.006069994352540122,0.0061579655854587,0.006252210973219862,0.006353053810975754,0.006460745750412247,0.0065754433710420845,0.006697195961274535,0.0068259429590011725,0.0069615188698986365,0.007103663039312411,0.007252031508907757,0.007406208389872766,0.0075657147218201465,0.0077300135896049395,0.007898511220889049,0.008070554731229706,0.008245427963962663,0.00842234735384068,0.008600459845571218,0.008778844628652244,0.008956519878371377,0.00913245496385075,0.009305587853524633,0.009474846852554194,0.00963917542697241,0.009797558710809787,0.009949050302977979,0.010092798052343309,0.010228067627448543,0.01035426273673869,0.010470940916911791,0.010577823896053563,0.010674801716008254,0.010761930104892029,0.010839421023592002,0.010907626825358873,0.010967018998965933,0.011018162924428417,0.01106169037301326,0.011098271575514566,0.011128588541853664,0.011153310981643908,0.01117307572572759,0.01118847008974109,0.011200019245411733,0.011208177439082184,0.01121332283351,0.011215755813740385,0.011215700721886941,0.011213311086100157,0.011208678405431206,0.011201844395122562,0.011192816278039853,0.01118158427946092,0.011168140041526721,0.011152494350646225,0.011134692483676378,0.011114825692681317,0.011093037837111396,0.011069526839779499,0.011044541325884458,0.011018373350350486,0.010991348428394467,0.010963814195064233,0.010936129440755463,0.010908652861521472,0.010881732103187089,0.010855694679413079,0.010830841151600839,0.010807439310877107,0.010785721063538459,0.01076588003399241,0.010748071652711272,0.010732410797479847,0.010718975700144304,0.01070780943405752,0.010698924232332553,0.010692304406504127,0.01068790952197132,0.010685680263490267,0.010685543140289347,0.01068741373022324,0.010691201175816937,0.010696811972812732,0.010704152415512135,0.010713132001165264,0.010723666239253074,0.010735678866670732,0.010749104052645396,0.010763887079618456,0.010779985817358825,0.010797371635780097,0.010816029859572123,0.01083595995617301,0.010857175869903642,0.01087970445598152,0.010903585287757861,0.01092886997745957,0.010955619622073934,0.010983903211141907,0.011013795236258188,0.011045372843518943,0.01107871149349812,0.011113880215428489,0.011150935986431493,0.01118991664459201,0.011230832604167655,0.01127365657795429,0.011318312540532595,0.011364663818586066,0.011412500767589795,0.011461529356312611,0.011511362395540937,0.011561515088243171,0.011611408206943888,0.011660380663040284,0.011707714034767327,0.011752669556855954,0.01179453626051358,0.011832686502015745,0.011866632571163655,0.01189607638977609,0.011920944190636528,0.011941399885615793,0.01195783438084733,0.011970832438015085,0.011981122532649855,0.011989518220286415,0.011996859196988844,0.012003959379294969,0.01201156715067124,0.012020338662708055,0.012030824775031132,0.012043468656806805,0.012058611309463743,0.012076502163663815,0.012097311921771707,0.012121145971659497,0.012148057291515003,0.012178057829483597,0.012211128248112157,0.012247225374021571,0.01228628860023554,0.012328244327971073,0.012373009904546964,0.012420496391171718,0.012470610585481575,0.012523255671581003,0.012578332045609607,0.012635738637374916,0.01269537332205343,0.012757133406574974,0.012820915778437733,0.012886616881112816,0.01295413403208396,0.013023365232769275,0.013094209234152514,0.013166565722708173,0.01324033527558008,0.013315419570762715,0.01339172254701862,0.013469151120969967,0.0135476148454489,0.01362702593328183,0.013707300023263374,0.013788356772116539,0.013870119609130553,0.013952515582696848,0.014035476485393779,0.014118938409818899,0.014202841220911063,0.014287128887842919,0.014371749519574054,0.014456654657130044,0.014541799433224856,0.014627142115365657,0.014712643594969373,0.014798267234171112,0.014883979018454004
NMG_MATLAB_2000_dt_5.50e-06_Nx_128_neumann_dt_out_1050p_SAV_MATLAB_2000_dt_5.50e-06_Nx_128_neumann_dt_out_1050p,0.0,0.016837287041286775,0.010635845562872758,0.008423025638164957,0.007315107236238069,0.006666582975748518,0.006251397386643116,0.005973934561501565,0.005786719856757673,0.005662906650519729,0.0055858307740696955,0.005544429977959879,0.00553097345766038,0.00553983782080467,0.005566806966337542,0.005608650647250212,0.0056628575360881065,0.005727457294251282,0.0058008962460312005,0.005881947181805439,0.005969642386018543,0.006063223606295261,0.006162105094313313,0.00626584699322658,0.006374136749921184,0.0064867762330536715,0.006603672087332727,0.006724826749375626,0.006850327636833775,0.006980332400358642,0.0071150488108541595,0.00725470879316935,0.00739953718111384,0.0075497168015395775,0.007705352323102331,0.007866435798262742,0.008032816908670201,0.008204180594459268,0.008380034071842093,0.008559704334009896,0.008742346222026838,0.008926960182630951,0.009112418023676579,0.009297494434654519,0.00948090183150721,0.009661326222227344,0.009837462222069982,0.01000804595024685,0.010171885138555527,0.01032788622177915,0.010475078372756963,0.010612634425614505,0.010739888526993683,0.010856350317123613,0.010961715535034994,0.011055873067549493,0.011138908404307988,0.011211103028354548,0.011272928493869142,0.011325033173909434,0.011368219477396871,0.011403410213974686,0.011431604766704889,0.011453828281204486,0.011471079288555097,0.01148428219528853,0.011494250495558425,0.011501664571626716,0.011507065183159377,0.011510860982525035,0.011513346286223036,0.011514724269617294,0.011515130822844213,0.011514655343932808,0.011513356404821972,0.011511272044571553,0.011508425961984177,0.011504831738656043,0.011500497262845244,0.011495430838255395,0.01148964934046822,0.011483187633563912,0.01147610764994709,0.011468505288483076,0.011460513623574907,0.0114523023105351,0.011444071851452787,0.011436045487597765,0.011428457203463789,0.011421539097202739,0.01141551278673807,0.011410578748900915,0.011406910900736459,0.011404655942757531,0.011403932574468386,0.011404829961432572,0.011407407998362897,0.011411703150609553,0.011417731641542694,0.011425495139800478,0.011434984096228932,0.011446177133321434,0.01145904564788524,0.011473556825267628,0.011489676739211344,0.011507369267719052,0.011526600127094548,0.01154733959976279,0.011569559818228315,0.011593232754690723,0.011618333907644841,0.011644842106186099,0.011672738827155246,0.011702007325125718,0.011732632984356941,0.011764602541998443,0.01179790407013864,0.011832525500965531,0.011868451260100285,0.011905663126486072,0.011944138229355918,0.0119838474482129,0.0120247506802241,0.012066795012695225,0.01210991206278713,0.012154013191592672,0.012198986376058736,0.012244690905357729,0.012290951148543653,0.012337551723909638,0.012384231434348034,0.012430675583340992,0.01247651072838595,0.012521300910603817,0.012564545554098763,0.012605681205194959,0.012644089198261287,0.012679106236878639,0.012710046257085703,0.012736230489010179,0.01275702382515852,0.012771883479818117,0.01278040744524234,0.01278238304469832,0.012777835270244212,0.012767048872129082,0.012750581345039608,0.012729253938856865,0.012704114941977382,0.012676385215038957,0.012647387476748699,0.012618470969473142,0.012590933369618761,0.012565955882522375,0.012544557348485898,0.012527563749081174,0.012515594773028098,0.012509069180593512,0.012508220924995749,0.01251312179164524,0.012523709197685627,0.012539814372883089,0.012561187851494885,0.012587521852141874,0.012618469791445482,0.012653661137958598,0.012692705209334805,0.012735201439107554,0.0127807444748672,0.01282892802985155,0.012879346007612712,0.012931595694203024,0.012985278229757764,0.01304000193221476,0.013095386364917302,0.0131510634938177,0.013206683881503926,0.013261920271287156,0.013316472730889374,0.01337007279070111,0.013422485514395613,0.013473513121428882,0.013522997631025284,0.013570821668682601,0.013616907921952458,0.013661218077413287,0.013703750567387199,0.013744537409188996,0.013783640600367464,0.013821147966630795,0.013857167761527386,0.013891824750472424,0.013925256221664312,0.013957607824041238,0.013989030075662313,0.014019675774647649,0.014049694843499896,0.01407923332087473,0.014108431976189445,0.014137425428081012,0.014166341508332283
NMG_MATLAB_2000_dt_5.50e-06_Nx_256_neumann_dt_out_1050p_SAV_MATLAB_2000_dt_5.50e-06_Nx_256_neumann_dt_out_1050p,0.0,0.004490100134236476,0.0038868508997868126,0.004135711657380745,0.005001879462853047,0.006338241714295818,0.00797788505869914,0.009733170471746048,0.011404300012394104,0.012805511762352749,0.013802072400404604,0.01434337487244459,0.014478222731294274,0.014338818414628349,0.014090841272095742,0.01387078705074366,0.013746674169113356,0.013720709646234057,0.013761915719068303,0.013840531053494186,0.013942303274556209,0.01406581223866813,0.014216834555842578,0.01440274719789797,0.014625790842252382,0.01487930032076516,0.015148885382289144,0.015417578166682993,0.015673847273165474,0.015915510310836666,0.016142810715008424,0.01635167041473907,0.01653876482599851,0.01670621652714296,0.016858726193079064,0.017000247891386332,0.017133265011679385,0.017259606344360832,0.017381164135685676,0.017500155538752622,0.01761909095074221,0.01774047377442186,0.017866324047771893,0.01799762472022079,0.018133803929942228,0.01827237762553703,0.018408853910766125,0.0185370165817783,0.018649719673202697,0.018740490101994165,0.018805780652153447,0.018846696717335455,0.018868755275362983,0.018879558501955548,0.01888601059681093,0.018892678077522925,0.01890223399204766,0.018916882381745128,0.01893895782310809,0.018970816245944926,0.019014761406081365,0.01907332434459981,0.019149866595321287,0.01924931233513289,0.019377523152203417,0.01953343419918496,0.019687356540806267,0.019780735106318177,0.019795701982635423,0.019779166075058415,0.01977867886073656,0.0198143815709534,0.01988916431327515,0.019999094432281813,0.020137832218607918,0.02029731193130515,0.02046767993439624,0.02063879530283816,0.020803389877559936,0.020959605569046757,0.021110804405460298,0.02126315615752738,0.021423166770950408,0.02159644795428036,0.021787556654050837,0.02200027106624918,0.022237928759854378,0.022503705595490208,0.02280083445776345,0.023132723724041227,0.02350289752006884,0.023914773795221743,0.0243713368574333,0.024874804913344383,0.02542633778795298,0.02602580112741609,0.02667154164353679,0.0273601782574389,0.02808646729032634,0.02884335001033435,0.029622290813883977,0.03041391751356134,0.031208872924799614,0.031998747272782645,0.03277696366885009,0.033539562629118135,0.03428587036936113,0.03501897307291861,0.03574551023152781,0.0364728851880409,0.0371995026840451,0.03789672599233361,0.038506762278582754,0.03899342105545843,0.03939240322569144,0.039773918965552005,0.04017977374350713,0.04061695604205052,0.04107944846031689,0.04156067988781828,0.04205594183843421,0.042561993245146035,0.043076633928367525,0.04359849047752303,0.04412681679132096,0.044661245639119926,0.0452015452496143,0.04574745071792095,0.0462985826031587,0.04685444705347185,0.047414478623955314,0.04797809058250781,0.048544716989325276,0.04911384095208154,0.049685007647918,0.05025782716788027,0.050831969702067166,0.051407156273089505,0.05198314416013041,0.05255970920548346,0.05313662423230544,0.053713637089017253,0.054290451389701164,0.054866715712699646,0.055442024104114286,0.05601593224862324,0.05658798872335219,0.05715778019257284,0.057724977599474495,0.05828936960581502,0.05885087054736499,0.05940950210661158,0.05996535797757196,0.060518563632895435,0.061069244603649334,0.06161750718133869,0.06216343120249339,0.06270707175622153,0.06324846469701748,0.06378763417525288,0.0643246003518188,0.06485938555000843,0.06539201965519394,0.0659225448468629,0.06645101949472398,0.06697752195571856,0.06750215433870416,0.06802504649763155,0.06854636056847692,0.0690662966059732,0.06958509933111771,0.07010306646245851,0.07062055802701143,0.07113800481263033,0.07165591339058525,0.0721748667664576,0.07269552517914629,0.07321864250031697,0.07374512230056467,0.07427613115620411,0.07481326592755654,0.07535874272650213,0.07591553323107939,0.07648726887591965,0.0770774291315233,0.07768673701945683,0.0783077703205972,0.07892026459937954,0.07949759355715268,0.08002400229517495,0.08050249857632634,0.08094722117505783,0.08137263225387645,0.08178600525232788,0.0821840012001687,0.08255757495509622,0.08290382269412275,0.08323170758928843,0.08355596684154867,0.08388721025711204,0.08422834489227245
NMG_MATLAB_2000_dt_5.50e-06_Nx_256_periodic_dt_out_1050p_SAV_MATLAB_2000_dt_5.50e-06_Nx_256_periodic_dt_out_1050p,0.0,0.004524184412979974,0.003916860443098024,0.004188182494928373,0.005076836497687615,0.006431329267631272,0.00807975349736314,0.009826778055704168,0.011463234833897454,0.012797176249468162,0.013697009695217902,0.014127089140158366,0.014158981715001764,0.013945972543095066,0.013665135299665768,0.01345545536436109,0.013381817671562527,0.013437302432941214,0.01357733307539715,0.013758568882086129,0.013956145401865407,0.014161325446266769,0.0143762082061662,0.014608619364877768,0.014864060089023615,0.015139292760739859,0.015421810311123232,0.015694875489912642,0.015945573716870776,0.01616903696285197,0.01636356276474405,0.01652599187918594,0.01665703225665952,0.016765272213241512,0.01686207024117046,0.01695625368941004,0.017053332181778375,0.017156823618036287,0.01726949139072283,0.017393925736080073,0.017532670528560543,0.01768807014597575,0.017861875306934748,0.01805462207885972,0.01826488897992367,0.01848873354158857,0.018719687588787417,0.018949490583912872,0.019169474751670804,0.019372382090286702,0.01955421163064858,0.019715246080444525,0.019859326971238735,0.019991606672492848,0.020116295921219527,0.020235646110771725,0.020350706653360213,0.020462590240942345,0.020572607898893005,0.020681580820785233,0.02078920347442007,0.020893848134054767,0.020992815974275252,0.02108291411455793,0.021161180112474177,0.02122555606147985,0.021275359866653902,0.021311476907282304,0.021336290527663684,0.021353420745669233,0.0213673461711068,0.021382947277405116,0.021404911743137855,0.021436858309025454,0.021480145324315768,0.02153266660065823,0.021588585158613477,0.021640038606965725,0.021680502045213882,0.02170760508984062,0.02172334332396484,0.021732048034514187,0.021738132715530233,0.021744934782949445,0.0217545865776028,0.021768373234958865,0.021787214611424827,0.021812141000541692,0.02184471564021068,0.02188731299732221,0.021943170429050224,0.022016232856112324,0.02211083582545243,0.022231316443862965,0.022381599629832577,0.02256478270798194,0.022782731917274757,0.02303572924754912,0.023322239060368326,0.02363886565261849,0.02398055876726906,0.02434107197172938,0.024713619323237887,0.025091632941629978,0.02546954840736724,0.02584358172678562,0.026212501713999043,0.026578320344976997,0.026946307246031816,0.02732191224865945,0.02769877508967286,0.028034900774900035,0.02824634542695044,0.028270889377067857,0.028141947339596483,0.027949042429609907,0.027751316752620193,0.027562121153156108,0.02737701378419903,0.027191472411013072,0.02700420312459089,0.026815921819158917,0.02662808305990023,0.026442239683157627,0.026259800139803873,0.02608196153083818,0.025909706631642004,0.02574382701470661,0.025584935646621287,0.02543348615302855,0.025289795868618556,0.02515406422253537,0.025026391672405324,0.02490679451366926,0.02479522077974786,0.024691563276042973,0.024595670838579844,0.024507360316143117,0.024426423612120086,0.024352635521689668,0.02428576123857793,0.024225557252497913,0.02417177343645631,0.024124146732907352,0.024082394196940308,0.024046194945623833,0.024015165669846194,0.02398883985447822,0.023966653409805545,0.023947951978066852,0.023932037580364322,0.023918253090328728,0.023906081078678736,0.02389522937084216,0.023885671175358142,0.023877633103512118,0.02387155008097908,0.023868011272185845,0.023867717587659095,0.023871449880208326,0.023880030093535034,0.023894243273101218,0.023914674743630633,0.023941438062786733,0.023973799963993472,0.024009806566519274,0.024046151260119712,0.024078558293729253,0.024102756178352672,0.024115691074599523,0.024116342191706514,0.024105703964938385,0.0240860666301375,0.024060118106200776,0.02403029477772905,0.023998498872294095,0.023966080114426722,0.02393392228861266,0.023902537912707623,0.023872137811954984,0.02384268133960503,0.023813929612172602,0.02378552292228553,0.023757078288445678,0.023728280464694773,0.023698941410293703,0.023669016099079666,0.023638579507892013,0.023607792309554825,0.0235768625450611,0.023546018720918913,0.02351549455134213,0.02348551553511401,0.023456299098021435,0.02342805435374989,0.023400982486988686,0.023375280550005685,0.02335114675661512,0.02332878408841679,0.023308405839964363,0.023290242991530406
NMG_MATLAB_2000_dt_5.50e-06_Nx_64_neumann_dt_out_1025p_SAV_MATLAB_2000_dt_5.50e-06_Nx_64_neumann_dt_out_1025p,0.0,0.027170653111060813,0.014533153119303917,0.010181008095087747,0.008042079084795204,0.006780758134477819,0.005938994705841578,0.0053277504315859025,0.00485745064050788,0.004480777675519976,0.004170498859859397,0.003909820244347322,0.0036877480798722466,0.003496676981042899,0.0033310681118985893,0.003186700687342457,0.003060238342676573,0.002948971982657876,0.0028506621499957314,0.0027634375397228975,0.0026857253165600537,0.002616199788888657,0.002553742177982206,0.002497407647814633,0.0024463975883776082,0.0024000360705124387,0.0023577498288410662,0.0023190513201729354,0.002283524481320295,0.002250812842491857,0.0022206096721039126,0.00219264985041143,0.002166703194867353,0.002142568990231092,0.002120071508244129,0.002099056333193664,0.0020793873394708354,0.0020609441940330326,0.002043620280465622,0.0020273209611877245,0.002011962111318013,0.001997468871412696,0.0019837745774729416,0.0019708198355330372,0.001958551715199882,0.0019469230420096847,0.0019358917726752275,0.0019254204408461122,0.0019154756633392445,0.0019060276987798521,0.0018970500522082444,0.0018885191202301004,0.0018804138722813752,0.0018727155641580964,0.0018654074805284928,0.0018584747036251303,0.001851903905593764,0.0018456831622388865,0.001839801786203088,0.0018342501777111166,0.0018290196912905156,0.0018241025169649044,0.0018194915744574474,0.0018151804193455032,0.0018111631598358958,0.0018074343831963472,0.0018039890908644388,0.0018008226414401136,0.00179793070062227,0.0017953091974661226,0.0017929542863040972,0.0017908623136588429,0.0017890297896153023,0.0017874533632830367,0.001786129801633661,0.0017850559716287029,0.001784228825036183,0.0017836453856655392,0.0017833027387866738,0.0017831980224053197,0.0017833284201285687,0.0017836911555163982,0.0017842834876075078,0.0017851027074957486,0.0017861461358407,0.0017874111211185473,0.0017888950385385983,0.0017905952894259555,0.0017925093011351668,0.0017946345272862165,0.0017969684482836575,0.0017995085720125357,0.001802252434846699,0.0018051976026057755,0.0018083416716503445,0.0018116822700879056,0.0018152170588937924,0.0018189437330056427,0.0018228600225097004,0.0018269636936685282,0.001831252549830874,0.0018357244323958747,0.001840377221562965,0.0018452088370486883,0.0018502172386730886,0.0018554004268440789,0.0018607564429159265,0.001866283369444904,0.0018719793303127953,0.0018778424907989692,0.001883871057430065,0.0018900632778537981,0.0018964174404770553,0.0019029318741154075,0.0019096049474546966,0.0019164350684648928,0.0019234206836972023,0.0019305602775316546,0.001937852371304782,0.001945295522380619,0.0019528883231245847,0.0019606293998478733,0.0019685174116505144,0.0019765510491851802,0.0019847290334889947,0.001993050114560105,0.0020015130700853866,0.002010116704001211,0.0020188598450628587,0.002027741345360407,0.002036760078864251,0.002045914939795043,0.002055204841171334,0.002064628713180107,0.002074185501580248,0.0020838741661181118,0.002093693678904822,0.002103643022775354,0.002113721189664961,0.002123927179019786,0.0021342599961283243,0.0021447186504974206,0.002155302154240376,0.0021660095205352833,0.0021768397618951085,0.0021877918887102444,0.0021988649076662018,0.002210057820132506,0.0022213696207211615,0.0022327992957565084,0.0022443458218178395,0.0022560081642876,0.0022677852759718136,0.002279676095685726,0.0022916795469763835,0.0023037945367634623,0.0023160199541025074,0.002328354668979574,0.002340797531132817,0.0023533473689411745,0.002366002988307243,0.0023787631716727193,0.002391626677023886,0.0024045922370167297,0.0024176585580240276,0.0024308243194435114,0.00244408817286959,0.0024574487414791273,0.002470904619344505,0.002484454370929612,0.0024980965306345545,0.002511829602331596,0.0025256520590051157,0.002539562342542607,0.0025535588634738597,0.0025676400009378886,0.0025818041024673884,0.0025960494842158038,0.0026103744308875985,0.002624777196020391,0.0026392560022288785,0.0026538090414784388,0.002668434475612399,0.0026831304367615494,0.0026978950278891715,0.002712726323569652,0.0027276223706100963,0.0027425811888895186,0.002757600772265522,0.0027726790895187723,0.002787814085367432,0.002803003681595211,0.0028182457782472666,0.0028335382549001717,0.002848878971828116,0.002864265771629865,0.00287969648048749,0.00289516890975588,0.0029106808574721993,0.002926230109994987,0.0029418144437156546
NMG_MATLAB_2000_dt_5.50e-06_Nx_64_periodic_dt_out_1025p_SAV_MATLAB_2000_dt_5.50e-06_Nx_64_periodic_dt_out_1025p,0.0,0.0269058692809094,0.014484982248967356,0.010221808017526798,0.008019796593265138,0.00665207560474794,0.005712804779477425,0.0050270302618047715,0.0045057148603376545,0.0040980762242762234,0.003772541528789391,0.003508178113781809,0.0032904727270628657,0.0031090501348644967,0.0029563217696147908,0.0028266258934233368,0.002715656453058825,0.002620075985696696,0.0025372511667043378,0.0024650712246482684,0.002401822203756878,0.002346098562346993,0.002296739580042623,0.002252782266179538,0.0022134253754986966,0.0021780010869822107,0.0021459521656761143,0.0021168132208982436,0.0020901951578194988,0.002065772208746156,0.0020432711011672128,0.0020224620220842928,0.002003151101970612,0.0019851741847669298,0.0019683916834569992,0.0019526843468324014,0.0019379497865308112,0.0019240996348426098,0.0019110572220785043,0.0018987556800523335,0.0018871363929075814,0.0018761477301056592,0.0018657440078178968,0.0018558846346566208,0.0018465334060232372,0.0018376579183179047,0.0018292290796408995,0.0018212206985958473,0.0018136091362699355,0.001806373009676135,0.0017994929373180881,0.0017929513193330102,0.0017867321464691754,0.0017808208330263346,0.0017752040701199355,0.0017698696960583027,0.0017648065816931794,0.001760004528318823,0.0017554541767977588,0.0017511469264609527,0.0017470748625027582,0.0017432306910570995,0.0017396076809944442,0.00173619961176329,0.0017330007266384406,0.0017300056907646694,0.0017272095535496846,0.0017246077149296072,0.0017221958951250205,0.0017199701075053797,0.0017179266342155484,0.0017160620043748475,0.0017143729744978698,0.001712856510852503,0.0017115097736749298,0.0017103301029625154,0.0017093150056293404,0.0017084621440125595,0.0017077693254589682,0.0017072344928287402,0.0017068557160513692,0.0017066311842461783,0.0017065591987259208,0.001706638166439083,0.0017068665941015805,0.001707243082687293,0.0017077663223616455,0.0017084350878309425,0.001709248233918617,0.0017102046915129106,0.001711303463714072,0.0017125436222056435,0.001713924303797099,0.0017154447072032918,0.0017171040899150055,0.00171890176519236,0.001720837099215239,0.001722909508309681,0.0017251184562561382,0.0017274634517212087,0.0017299440457321821,0.0017325598291919179,0.001735310430516844,0.0017381955132787725,0.0017412147739034134,0.0017443679394307595,0.0017476547653384193,0.0017510750332950192,0.001754628549139127,0.0017583151406916969,0.001762134655757666,0.0017660869600616656,0.0017701719352699687,0.0017743894770087525,0.0017787394929349508,0.0017832219008296628,0.0017878366267075837,0.001792583602985181,0.0017974627666009376,0.0018024740572954178,0.0018076174157723914,0.00181289278198739,0.0018183000933855024,0.001823839283257618,0.0018295102790792047,0.0018353130008062297,0.0018412473593213841,0.001847313254826624,0.0018535105752738442,0.001859839194848648,0.0018662989724571282,0.0018728897502522173,0.0018796113521568796,0.0018864635824537793,0.0018934462244482196,0.0019005590389565103,0.0019078017631191215,0.0019151741089702171,0.0019226757622691397,0.0019303063811391915,0.0019380655948775406,0.0019459530027980127,0.001953968173053221,0.0019621106414685584,0.0019703799104753023,0.0019787754480229108,0.0019872966865848865,0.001995943022131872,0.002004713813107211,0.002013608379646895,0.002022626002520225,0.0020317659224153633,0.0020410273389904203,0.0020504094102253415,0.0020599112515636776,0.00206953193533045,0.0020792704899510223,0.002089125899459211,0.002099097102854082,0.0021091829936412533,0.0021193824192930794,0.002129694180844213,0.002140117032593031,0.002150649681666459,0.002161290787817863,0.0021720389632027986,0.002182892772221511,0.0021938507313710703,0.002204911309288328,0.0022160729266894725,0.0022273339564960054,0.0022386927239389414,0.002250147506747953,0.002261696535483396,0.0022733379938527326,0.0022850700190914525,0.0022968907024192423,0.002308798089640088,0.002320790181690343,0.0023328649353766976,0.00234502026412961,0.002357254038757614,0.0023695640884583338,0.0023819482017370195,0.0023944041274430445,0.0024069295759601254,0.0024195222203448846,0.0024321796976589575,0.002444899610224325,0.0024576795271792464,0.0024705169858174033,0.0024834094933239054,0.002496354528235002,0.0025093495422665456,0.002522391962028956,0.002535479190843719,0.002548608610704669,0.00256177758414075,0.002574983456302682,0.002588223556952723,0.002601495202661444
NMG_MATLAB_2000_dt_5.50e-06_Nx_512_periodic_dt_out_1050p_SAV_MATLAB_2000_dt_5.50e-06_Nx_512_periodic_dt_out_1050p,0.0,0.018155628402046972,0.03786364408647611,0.0463932243806918,0.03842248208765632,0.03404237875203198,0.03498640676525577,0.0379993722806984,0.041258760328774534,0.04439574334763182,0.047400763620385575,0.05006364161089139,0.052828142598919076,0.05596995466358476,0.05943596996569005,0.06315452454824948,0.06659234735819738,0.06995767419404139,0.07336764775314057,0.07656448522859306,0.07987933072022256,0.08340045953980936,0.08684605083315555,0.0899096078997335,0.09274569378728537,0.09558308918253908,0.09860333718366424,0.10189766784365757,0.10559955634457058,0.10906902570015788,0.11193729868815255,0.11495213459558985,0.1181238952167054,0.12130294750897948,0.12447253057415428,0.12792812651574798,0.13145377962855612,0.13421813210874822,0.13690596991599419,0.13989153560952036,0.14292627495259447,0.1458445247297725,0.14859348604163553,0.15119516695140334,0.15369192158872355,0.15611641752408512,0.15850410648236132,0.16088206497123675,0.16325432979512788,0.1656569368312783,0.167764908968775,0.16938682099989538,0.1707970082601925,0.1722318184206208,0.173659383860928,0.1750657844361963,0.17648926736167422,0.17798992449974707,0.17938672187282004,0.18052957965400157,0.1816302998710144,0.18279491718766228,0.18400499580066312,0.18527187167340542,0.1866525838209798,0.18812495457938475,0.1893510571960478,0.19038780382689627,0.19147524693379786,0.1926603608219503,0.19389465648158188,0.19516390573032621,0.1964763726023751,0.19788272587340605,0.19944878476504213,0.20087222260475096,0.2020683270890091,0.20313066035288485,0.20417996294419366,0.2053665170789352,0.2066408295614211,0.2079468220141711,0.20925936562941203,0.21056602027678192,0.21186067750820967,0.21314038850428774,0.21440367714898256,0.21564968021727388,0.21687770246918797,0.21808696009520565,0.21927648784279188,0.22044540226822354,0.22159416073652458,0.2227264938036433,0.22384429365752695,0.22493896589138876,0.22600547909532565,0.22704948567366154,0.22807924546391076,0.22910141328271966,0.230120707551379,0.2311404676033587,0.23216325315198516,0.23319139271949407,0.2342274016054126,0.2352733964731732,0.23632952465108845,0.237395895754573,0.23847567995773636,0.23957536863667062,0.24070626593736572,0.24188804840364905,0.24314695529333685,0.24449467283441426,0.245924785729004,0.247443205504842,0.2490935479878992,0.2508917934421073,0.2526280975211856,0.25430511209919804,0.2560272217010818,0.25759197463101663,0.2588770115836081,0.2599320061853765,0.2608066204161359,0.2616016625339015,0.26243486877407074,0.26328596447853964,0.264029594031393,0.2646986034434592,0.26535725747719063,0.2659843528297069,0.26658793025328764,0.2672308972036663,0.26790890719126526,0.26861324465195124,0.2694746696779329,0.2705234015921182,0.27157375433456454,0.2726494724607103,0.27375683397135503,0.27478020863347435,0.2757322991295797,0.2766384407472278,0.2775161807399043,0.27839422341724746,0.27936350313216357,0.2804723016011291,0.28154397416955657,0.28253006954694726,0.28345906904257445,0.28434872523161725,0.28520799342951303,0.28604274295865134,0.2868575284547909,0.2876559318632084,0.28844061922557723,0.2892134531729348,0.2899759285136191,0.2907314526900529,0.29150054029481803,0.2923822354807772,0.2933895528392878,0.2943123144587127,0.29514850051395647,0.2959282783097131,0.2966624993681489,0.29736128936925865,0.2980808776943828,0.29888008801989435,0.2997334686224913,0.30062501491646776,0.3015490299125964,0.30249316399751214,0.30344106362021467,0.30438236723625156,0.30531323293134704,0.30623292853135364,0.30714176534634796,0.3080403093441451,0.3089291304385664,0.3098087407844518,0.3106796030969777,0.3115421500044882,0.31239680581863466,0.31324400645670236,0.31408422981043754,0.3149180147047723,0.3157459948492962,0.31656894298429444,0.317387863614484,0.3182041372474768,0.3190197776948733,0.3198378660604433,0.3206631340485402,0.32150198367336574,0.32235971252944584,0.32323442446396305,0.3241164495498933,0.3249964140930894,0.3258701015122464
NMG_MATLAB_2000_dt_5.50e-06_Nx_512_neumann_dt_out_1050p_SAV_MATLAB_2000_dt_5.50e-06_Nx_512_neumann_dt_out_1050p,0.0,0.01823639239970161,0.03784217053783581,0.04618372010618778,0.038506566875479466,0.03432050379065201,0.03521788441141609,0.03821097358046855,0.04136859563277574,0.044418030287869927,0.04753961870919505,0.050676005163607325,0.05411308912142165,0.057812941509909996,0.06158565403732217,0.06503362372446815,0.06766947421899654,0.07002203119022678,0.07217012414802523,0.07409162895919474,0.07609631371695376,0.07832915233004477,0.08088680525830652,0.08355596976876518,0.08620868502228456,0.08886036902264033,0.09161456073762189,0.09461436479729014,0.0978504871307745,0.10098549854791995,0.10356189128212888,0.10621179972030331,0.10904322752180481,0.1119504119535095,0.11498074746588471,0.11846059142474674,0.12214974115876658,0.12501626726025702,0.12752269917786987,0.13016548207616607,0.1329947605186901,0.1359117208720714,0.13882932764611672,0.14177459572144266,0.14476910107283777,0.14781318305744703,0.15093810956140352,0.1539865772791716,0.15690299971599178,0.15985266766016895,0.16254235807932024,0.164754281656074,0.16679519585427527,0.16895765455024397,0.17103909154364047,0.17295482531760528,0.17481303441401247,0.17674802820831612,0.17873960952847634,0.1805326250435815,0.18227945215004973,0.18408307708329535,0.1859132848533609,0.187748987932381,0.1895552040610171,0.19125334993297774,0.19265150486682114,0.19383224762344248,0.19501905226689717,0.19625180638841638,0.19747687249912957,0.19867708236748166,0.19985916452207267,0.20107862270843163,0.20245518734452925,0.20379018030944232,0.2048776373033762,0.20573161012825678,0.20659245990857214,0.20755619602568645,0.208566494009614,0.2095402367361831,0.21048185364583993,0.2113765460122647,0.21215570638581835,0.2129430747368166,0.2138115390175446,0.21465841840323657,0.2155079022740074,0.21631005688058771,0.21706759320178515,0.21782074554220315,0.21865375326579797,0.21951487993643132,0.22038330275845397,0.22123974373404237,0.2219739735649797,0.22262899784544282,0.223253319861433,0.22390464743990154,0.22458323227760446,0.22527765563296645,0.22598727853868425,0.22671263975674094,0.22745475910330007,0.22821460551194445,0.22899149401425103,0.2297852441458858,0.23059943531540858,0.23144162325154818,0.23232397351922957,0.2332631847556517,0.2342850375705257,0.2354508383649475,0.23676666646358244,0.2381151067015356,0.23951229853036568,0.24098127765618232,0.2423134456918254,0.24352994389331262,0.24478534199403473,0.24594498680462326,0.246948209110619,0.24790004552330147,0.24874523051627181,0.24940941049869522,0.2500000146367928,0.2505419031946482,0.25093744807222607,0.25123939338248885,0.25152552669054606,0.25177931006886684,0.2520128425698121,0.25229577961017163,0.252624474046312,0.2529576037338481,0.25335494898388805,0.25393337028571306,0.2547000495013542,0.2556964638564936,0.2567153447200845,0.25754138456739667,0.25828898691090313,0.2589552439347026,0.2595204511048098,0.26000227431200884,0.2604579391410121,0.2609592208992581,0.26148322441373706,0.262004634588569,0.26251304555781757,0.2630038483226283,0.26347771397893327,0.2639379612945763,0.26438750003275563,0.26483691570684786,0.2653076243830375,0.26580088899645926,0.2663135330596057,0.26684543324173243,0.2674118615129074,0.26808304384677356,0.26884811025152283,0.2695002965846679,0.270042316602814,0.27050923773725066,0.2709149093923175,0.27127139389407173,0.2716399363546047,0.2720829253786188,0.2725675710683265,0.27306899859095324,0.27357742923473716,0.27408841756313057,0.2745998738433983,0.2751108405622806,0.275620908217963,0.2761299357907886,0.27663792380584606,0.27714494865370537,0.27765113534040914,0.2781566416700896,0.2786616456208966,0.27916634961291714,0.279670982038632,0.2801758033184128,0.28068112604866785,0.28118734112030375,0.2816949465047774,0.2822046124749005,0.28271729545850344,0.283234420120853,0.2837581940025959,0.2842921419045044,0.2848417487050582,0.2854142412834122,0.2860147667454706,0.28663958558967373,0.2872771690250775,0.2879176073118934,0.2885568875204957
NMG_MATLAB_2000_dt_5.50e-06_Nx_128_neumann_dt_out_1025p_SAV_MATLAB_2000_dt_5.50e-06_Nx_128_neumann_dt_out_1025p,0.0,0.009660914682794453,0.006099076994234535,0.004726831850633417,0.003956458102042695,0.00343640533530194,0.0030544171789946605,0.002761099550255249,0.0025302750026658938,0.002346076474215181,0.0021977896840164554,0.002077626807260389,0.0019796965246472787,0.0018994662507942077,0.0018334317770637002,0.0017788835810840986,0.001733727917876478,0.0016963460788905415,0.001665483657533328,0.0016401642806078553,0.0016196231857144494,0.0016032566025306286,0.0015905834716932097,0.0015812166283936688,0.0015748411467302124,0.0015711980428195456,0.0015700719578288743,0.001571281782273121,0.0015746734503698885,0.0015801143387521902,0.0015874888592850962,0.0015966949524355576,0.0016076412733245608,0.0016202449249105102,0.0016344296372475346,0.001650124321843188,0.0016672619501941002,0.0016857787171031208,0.0017056134557270894,0.0017267072737348495,0.0017490033796300217,0.001772447067633983,0.001796985827708165,0.001822569546693941,0.0018491507659931707,0.0018766849614218696,0.0019051308121617106,0.0019344504271319662,0.0019646095000339335,0.001995577368421494,0.0020273269565995954,0.0020598345896039134,0.0020930796731599612,0.002127044244173059,0.0021617124065214806,0.0021970696778675467,0.002233102281657393,0.002269796428274731,0.0023071376339545866,0.002345110129292114,0.0023836964082956233,0.0024228769651309986,0.0024626302565056795,0.002502932916435683,0.002543760235604157,0.0025850869001525782,0.002626887966305566,0.0026691400284344267,0.002711822521331792,0.0027549190823948026,0.002798418888525286,0.0028423178786113,0.0028866197730535907,0.002931336810601344,0.002976490137115237,0.0030221098018368953,0.0030682343395632247,0.003114909943028859,0.003162189253953159,0.0032101298216980923,0.003258792295780134,0.0033082384272863415,0.0033585289604241104,0.003409721493343499,0.003461868382802602,0.0035150147587359047,0.0035691967073780135,0.003624439671734686,0.003680757109841593,0.0037381494462355534,0.003796603345338694,0.0038560913296411415,0.003916571760090029,0.0039779891878964704,0.0040402750805538235,0.004103348882559796,0.004167119424243202,0.0042314865999388655,0.004296343250172407,0.004361577189199489,0.004427073288411619,0.004492715534073642,0.0045583889841430796,0.004623981559054855,0.004689385618850211,0.00475449929563188,0.004819227567148439,0.004883483073158216,0.004947186688120807,0.005010267873083584,0.005072664837177812,0.005134324544452634,0.005195202604997482,0.005255263091865579,0.005314478323791916,0.005372828651678133,0.005430302279433508,0.005486895137307451,0.005542610815770862,0.005597460547888216,0.005651463216345021,0.0057046453436567345,0.005757041018529313,0.005808691703856969,0.005859645876447245,0.00590995845865852,0.005959690015384469,0.006008905711228357,0.006057674042242251,0.006106065377628743,0.006154150362946506,0.006201998250488393,0.006249675227292465,0.00629724281318918,0.006344756396572683,0.006392263964754614,0.006439805076236657,0.006487410105464835,0.006535099779052118,0.006582885006920295,0.00663076700179792,0.006678737669533113,0.006726780244755656,0.006774870140456022,0.006822975974963141,0.00687106073764413,0.006919083050699166,0.006966998485887508,0.007014760893273733,0.00706232370155525,0.007109641151171878,0.007156669426125558,0.0072033676541315254,0.007249698751251716,0.007295630094379736,0.007341134010360162,0.0073861880810064855,0.007430775266567786,0.00747488385972535,0.007518507286415066,0.007561643773628044,0.007604295908731665,0.007646470113985362,0.007688176062329113,0.007729426058305786,0.007770234406566745,0.007810616787237152,0.007850589655361267,0.007890169677479242,0.007929373295216804,0.007968216286703368,0.008006713028116218,0.008044876412735621,0.008082717573535394,0.008120245782362928,0.00815746822828434,0.008194389859730738,0.008231013161094904,0.008267338363722775,0.00830336352553984,0.008339084724721736,0.008374496270208144,0.008409590453392438,0.008444357843402719,0.008478787385807584,0.008512866877013388,0.00854658319525922,0.008579922377389328,0.008612869964293939,0.008645410807799011,0.008677530035546136,0.00870921304355053,0.008740445321854006,0.008771213260320128,0.008801504101179287,0.008831306395235492,0.00886061028805687,0.008889407540508789,0.00891769205879343,0.00894545985634891,0.008972709211347773
NMG_MATLAB_2000_dt_5.50e-06_Nx_128_periodic_dt_out_1025p_SAV_MATLAB_2000_dt_5.50e-06_Nx_128_periodic_dt_out_1025p,0.0,0.009593305127228604,0.006088254179909014,0.004754865827971321,0.003988771453934951,0.0034641168678876287,0.0030768104037668803,0.00277911316618048,0.0025445198582876873,0.0023565733281665957,0.0022042144431297464,0.0020795730874823798,0.0019768309762306286,0.0018915872189214633,0.0018204702436186461,0.0017608785926629409,0.0017107959322653075,0.0016686535684421577,0.0016332261212818376,0.0016035516522457502,0.0015788703492734114,0.0015585774688505888,0.0015421872697138994,0.0015293054135063298,0.0015196078683094548,0.0015128247870549686,0.0015087281753783546,0.0015071224332724317,0.0015078370699707787,0.0015107210598706232,0.0015156384406947376,0.0015224648595403816,0.0015310848536164772,0.0015413897139262083,0.0015532758263178145,0.0015666434180439653,0.0015813956597231108,0.0015974380870579007,0.0016146783138695454,0.0016330260103169416,0.0016523931179614616,0.0016726942702577964,0.001693847381334018,0.0017157743601085847,0.001738401902168533,0.0017616623071868584,0.0017854942663986632,0.0018098435648654606,0.0018346636443195505,0.001859915976877356,0.0018855702077095822,0.0019116040364992159,0.0019380028201167175,0.0019647588963266913,0.0019918706456163683,0.00201934132584437,0.00204717773096705,0.002075388738331327,0.0021039838189517287,0.002132971589240585,0.0021623584824884915,0.0021921476119561,0.002222337887020997,0.002252923428477723,0.0022838933117169504,0.00231523164757111,0.0023469179891772154,0.002378928036932615,0.00241123459842786,0.0024438087194382303,0.002476620973021103,0.002509642762278341,0.002542847608535019,0.0025762123384318446,0.0026097181111339835,0.0026433512378203476,0.002677103762856754,0.002710973791663779,0.002744965569100231,0.002779089328218105,0.0028133609414580578,0.002847801415988077,0.0028824362805987993,0.0029172949107413955,0.002952409835839365,0.0029878160668337828,0.0030235504712535343,0.0030596512149498913,0.0030961572785698594,0.003133108048206721,0.00317054297143677,0.003208501265606319,0.003247021660520648,0.0032861421585007452,0.0033258997929709318,0.0033663303718350474,0.0034074681928407844,0.0034493457238249864,0.0034919932450853193,0.0035354384542137,0.0035797060401971262,0.0036248172374886297,0.003670789373744785,0.003717635429509326,0.0037653636321635067,0.0038139771073308214,0.0038634736136573676,0.003913845386887177,0.003965079118053107,0.0040171560872358,0.0040700524698386534,0.0041237398252416,0.004178185769761215,0.0042333548250125565,0.004289209425314634,0.00434571105487962,0.004402821479551575,0.0044605040300470565,0.00451872488797131,0.004577454325891723,0.004636667851557385,0.0046963472114600205,0.004756481212469239,0.0048170663313666165,0.0048781070893805486,0.004939616181262267,0.005001614360970114,0.005064130096924573,0.005127199021565297,0.005190863209337597,0.005255170323798312,0.005320172678372539,0.005385926255762266,0.005452489727300863,0.005519923508977197,0.005588288883112361,0.0056576472046339634,0.005728059204247959,0.005799584389861068,0.005872280542316634,0.005946203295157168,0.006021405782979578,0.0060979383425758555,0.006175848248297289,0.006255179464784098,0.0063359724006182595,0.0064182636497910756,0.0065020857099437595,0.0065874666695849154,0.006674429860046203,0.006762993471535571,0.006853170134326452,0.006944966472203871,0.007038382634034025,0.007133411815906816,0.007230039785587981,0.007328244423576798,0.007427995296636252,0.007529253280309483,0.007631970245628555,0.007736088827444446,0.007841542288681102,0.007948254493738257,0.008056140003747303,0.008165104301798575,0.008275044156334697,0.008385848125127642,0.008497397202084823,0.008609565603607781,0.008722221690108821,0.008835229013141608,0.008948447477821777,0.009061734603602621,0.009174946867009667,0.00928794110352024,0.00940057594469787,0.009512713264006748,0.009624219601053448,0.009734967534173135,0.00984483697041314,0.00995371632235926,0.010061503542579892,0.010168106991641366,0.01027344612067707,0.010377452085098939,0.010480067755285245,0.010581247905218104,0.01068095908997013,0.010779179164189438,0.010875896652308875,0.010971110333028623,0.011064828182106383,0.011157066549629995,0.011247849092002755,0.011337205693728588,0.011425171552923781,0.011511786297099254,0.011597092640293478,0.011681135322052727,0.011763960181914604,0.011845613603126838
NMG_MATLAB_2000_dt_5.50e-06_Nx_256_periodic_dt_out_1025p_SAV_MATLAB_2000_dt_5.50e-06_Nx_256_periodic_dt_out_1025p,0.0,0.00338314399046977,0.002540176886534979,0.0021792960389915078,0.001993450008802754,0.0018918130794518646,0.001838056670526413,0.0018182820733584836,0.00182933607753459,0.0018739736579285744,0.0019585480867952594,0.0020913668219149175,0.0022807686706546415,0.002532682601129032,0.0028482048226032655,0.003222242454230841,0.0036440601146536062,0.004099748107719371,0.004575757474274691,0.005061895902228545,0.005552095146786324,0.006042804922413444,0.006530797719486822,0.007012334782909687,0.007484157457260872,0.007945172113398794,0.00839731279249743,0.008844750667639805,0.00929155306278046,0.009738652686994101,0.010181465562908287,0.010610097796192182,0.011013543612171007,0.011385721925027233,0.011728030454867847,0.012046259939748784,0.012345683536817195,0.012628324464132238,0.012892436154301738,0.01313301136175738,0.01334370089478381,0.013520276699914182,0.013663068386408756,0.013775783341724667,0.013862175450913892,0.013924004406262713,0.013961338348387486,0.013973633029714971,0.013960259272262217,0.013921017736344387,0.013857353876495927,0.013773383287306004,0.013675515326704841,0.013570930715108192,0.013466052597227187,0.013365687613247306,0.013272832209368264,0.01318886814298551,0.013113889879604688,0.013047088634948582,0.012987148348429635,0.012932627266383046,0.012882262876181827,0.012835115928164277,0.012790566650219413,0.012748275511025812,0.012708201399031213,0.012670629516953686,0.012636103079890935,0.01260525371760151,0.012578640960044471,0.01255671717084944,0.012539917983083319,0.01252881504273306,0.012524264016155312,0.012527504094511269,0.012540173908137045,0.012564170131976915,0.012601275222549072,0.012652745506867622,0.012719808282243233,0.012806164904529802,0.012920564499620443,0.013073938402402065,0.013269522043794982,0.013491265368208723,0.01369940263921662,0.013845315935521116,0.013903513240233032,0.013887740940543535,0.013831068339666337,0.013757796480863145,0.01367579600217052,0.013585204960718408,0.013488451006899162,0.013394175464988644,0.01331522397126225,0.013264314703984238,0.013250909065078094,0.01328057850664316,0.013356061886452983,0.013478575221838948,0.013648321238801879,0.013863596278892193,0.014118313973691331,0.014398730438217556,0.014682332424183915,0.014943772670833272,0.015169212394408979,0.015368801424453259,0.01556864158056536,0.01577738709574996,0.01595618738643798,0.016034058747061482,0.01596541918609176,0.015769394434401608,0.015511983131885137,0.015260778856620322,0.015057687679835048,0.014918232584280582,0.014842173706893032,0.014823836249702932,0.014858930410715263,0.014948084451774422,0.015097898304730266,0.015320083322613164,0.015628493271454016,0.016032642302409694,0.01652568525966248,0.017068040474956317,0.017577490181631284,0.017943168907577637,0.018064731361444274,0.01789135084926011,0.017438024770424356,0.01677888464809731,0.016022752145513856,0.015275813132573361,0.014609045776925367,0.014050107436477612,0.013596769027982961,0.013234243320086015,0.012946048976228218,0.012718373645363918,0.012541019911406612,0.012407142497680029,0.012312751243585078,0.012256251775469957,0.012238007453290128,0.012259827586690687,0.01232414114491838,0.012431822580720616,0.01257646864817742,0.012734635381259362,0.01285993764291915,0.012897791849661557,0.012821802797171373,0.012655318904457613,0.012450064322104947,0.012249645102545607,0.012075225452282236,0.011932042942922834,0.011818988526004688,0.0117336930068556,0.01167412715457172,0.011638888491627758,0.011627222852253588,0.01163907048358346,0.011675173698118841,0.011737245916836118,0.011828203691804465,0.0119524691849865,0.012116336687601613,0.012328330816866196,0.012599304375075972,0.012941616035139925,0.013365960962721947,0.013873570230802665,0.014442354711146558,0.015012154656809083,0.015485986264077236,0.01576280719212166,0.01578781646216022,0.015583158889827595,0.015238369438425386,0.014868311171876933,0.014565246238670261,0.014375240202803848,0.01430521342075718,0.014341689398570712,0.014464405034310223,0.014651897704499556,0.014882833414756644,0.01513649791511884,0.015393862013978592,0.015639185914370805,0.015861435149742545,0.016054520353470592,0.016215323226469562,0.016339078183259952,0.016414382961723675
NMG_MATLAB_2000_dt_5.50e-06_Nx_256_neumann_dt_out_1025p_SAV_MATLAB_2000_dt_5.50e-06_Nx_256_neumann_dt_out_1025p,0.0,0.003364480579834601,0.0025231364491920868,0.0021657103103898314,0.0019792508941251703,0.0018778552217190748,0.0018297390605353228,0.0018228650572860228,0.0018539641192114634,0.0019242594114564414,0.002037255505327681,0.0021971831512371674,0.0024077038985118927,0.00267084506331876,0.0029860722704985096,0.0033494080462601957,0.0037530446530104,0.004186153057118715,0.0046370607475222135,0.00509604534142787,0.005557173688395386,0.006018083141810769,0.006478237995137164,0.006937151856889598,0.007393852209218342,0.00784793660608929,0.008300898137071303,0.008755489813136456,0.009212748007246252,0.00966881404860892,0.01011381870261997,0.010533986255442187,0.010917088903924628,0.011258715454602256,0.011564022425351591,0.011842823336928706,0.01210283159410014,0.012346642571537421,0.01257255692870794,0.012776482032634073,0.012954118030106664,0.013103767642960796,0.013227960604544252,0.013331869521584026,0.013420485104969867,0.013497975940916618,0.013568804294619392,0.013637436113761855,0.013705929350989906,0.013772273148281902,0.013831800373143459,0.013880613986797128,0.013918273192363478,0.013948087194707746,0.013975477365310872,0.0140057374494379,0.01404192054220359,0.014082661258372252,0.014120053426341752,0.01414047381575751,0.01413206690376419,0.014093903278456148,0.014035644989268207,0.013969546154667587,0.013904831370922466,0.013846709702846556,0.013797465000849236,0.01375792505106528,0.013728615250631918,0.013710414070568888,0.013704841369372034,0.013714198003176631,0.013741654218632384,0.013791269771299294,0.01386782979079717,0.013976301068787066,0.014120658200798858,0.014301892552411963,0.014515552135742233,0.014750245439441922,0.014989536521968074,0.015218475740905653,0.015431212240888177,0.015632391385495124,0.015829895908109067,0.01602409596038877,0.01620194634772811,0.016344965105932353,0.01644788828093743,0.01652478498272602,0.016593211831619423,0.016658350485412268,0.01671264015492978,0.016743935555179872,0.01674175883252414,0.016699389145048517,0.016615050964511782,0.01649385070733463,0.016348416942002366,0.01619622585828333,0.01605468343023281,0.01593682101460092,0.01584914773707707,0.015790966211095273,0.01575443035904146,0.015727304943470015,0.015700406297372342,0.0156738218457322,0.01565390752187865,0.015646043158828137,0.015652040792000933,0.01567178875687651,0.01570514148572712,0.015752661191917386,0.015815557694229425,0.015895385361055635,0.015993827464666696,0.016112706104503105,0.01625425588391467,0.016421604866578197,0.016619224558008225,0.0168526264661573,0.017125998864254473,0.017436931053753577,0.01777107852013534,0.018105836675821132,0.018429205471419404,0.018758319077444643,0.019128698461293572,0.019553757663193356,0.019992594396969383,0.020360260593652733,0.0205743277916109,0.020601043857218858,0.020474295359262776,0.020285454773068038,0.020147704914788702,0.020141283789674114,0.020266357335034263,0.020438620864670166,0.02053261413638071,0.02043921054471682,0.02010141869875381,0.019522487148008513,0.018758678110485132,0.01790249469622932,0.0170557143408314,0.016300731762140103,0.015685784151260044,0.015227488532646613,0.014919609308148993,0.014736727745996814,0.01463084630392818,0.014533226676062145,0.014379787551834626,0.014149532777712776,0.013872031725473332,0.013594017273031243,0.013347394390458211,0.013143983332201629,0.01298428759528306,0.01286503142656395,0.012782430943520126,0.012733238849702583,0.012715134025092282,0.012726906494275348,0.012768366175361373,0.01283988328352435,0.012941586923593984,0.013072390497140067,0.013229055845087708,0.013405561993444039,0.013593042529537552,0.01378048248443116,0.013956142574262663,0.014109340778552174,0.014231895329497351,0.014318455167179741,0.014365454517765318,0.014370008558313774,0.014331580298975853,0.014256345212367731,0.014158154035480371,0.014052984153994074,0.013952992853750554,0.01386525774262541,0.01379362192268611,0.013740706200075881,0.013709007578050167,0.013701054631307781,0.013718635170167297,0.013760849878119487,0.01382025231557897,0.013877305485296323,0.013900283375404892,0.013862784938794472,0.013769074418128236,0.013653432593773841,0.013552530040848578,0.013485983299173759,0.01345750052002856
NMG_MATLAB_2000_dt_5.50e-06_Nx_512_periodic_dt_out_1025p_SAV_MATLAB_2000_dt_5.50e-06_Nx_512_periodic_dt_out_1025p,0.0,0.008875881030314017,0.006313285259475211,0.007159749832978146,0.010363928078654402,0.01532697497471383,0.021110380315473173,0.026447447049219412,0.03118455165303632,0.035442028966328996,0.03881755138679711,0.04090093432763926,0.04180478118695737,0.04199302822167805,0.04190057365976288,0.04208162370594642,0.04295345005497917,0.044464626548753806,0.04596621172196071,0.04720374683615817,0.048179127297691644,0.049220397534745365,0.05043125308878086,0.051824794448768974,0.05301325044885415,0.053783060452836484,0.05438199142329795,0.05491765182472543,0.054997779068801225,0.05494669573810892,0.055270337486083045,0.05610334682977473,0.05727136539078959,0.05839518423163998,0.059431736372022294,0.06005904190504262,0.06014463541957494,0.06012007232309976,0.060152252730995316,0.060003834750965636,0.059855415317631486,0.05959111873081729,0.0591995651245546,0.05915570232258411,0.05938733340627143,0.05978652719517403,0.06047204198307837,0.06125756668718995,0.06225698944722813,0.0632828990767797,0.0639257055236529,0.06401345233012731,0.06392249819143515,0.06381606703332109,0.0636369162910354,0.06360940065184502,0.06406372370728047,0.06511125361715417,0.06634790763493545,0.0672535360538838,0.06803462145638685,0.06898731578306147,0.07006557593281602,0.07092519082481039,0.07128843496208755,0.07130955361683923,0.07134084221797579,0.07149037828760675,0.07176050246502653,0.07216875319496596,0.07274861893348139,0.07340947414227118,0.07416963226400666,0.07536894838095176,0.07666478198912324,0.07750550278076071,0.07786638859553843,0.077930089202521,0.0779197702832405,0.07809915887050088,0.07825527202291772,0.0785137986999618,0.07898448397801847,0.07937563917797631,0.07938123105652932,0.07874423781300881,0.0776750704666815,0.07666440898281238,0.07572438660418461,0.07471988492067809,0.07365490428906954,0.07264287871194852,0.07187407083104248,0.07150832427937726,0.07137658775020968,0.07142354770116553,0.07179556889768524,0.07278711890256528,0.07439041033793249,0.07569714753672672,0.07608393970312223,0.07621845717808207,0.07703516394526476,0.07874434896988995,0.08072805772269209,0.08247169762472432,0.08355196945214761,0.08411044960913328,0.08457595375861807,0.08530453502054426,0.08604077420653995,0.08631265926935748,0.08616898510061535,0.08642504582123377,0.08715476303895796,0.0874533507323493,0.08737469768426007,0.08741400921593395,0.0875561017474569,0.08753149233638624,0.08692817567428475,0.08582079466994567,0.08467962271443469,0.08392873795716115,0.08362956798762561,0.08344984206901758,0.08352192033450247,0.08391179839787273,0.0841014497629551,0.08409862657862614,0.08415820148630253,0.08432652175017062,0.08463948711939392,0.08526750320765206,0.08641016980972249,0.08788600644575405,0.08898103474657179,0.08913480396598927,0.08873152338649329,0.08833733708878919,0.08846763198802712,0.08888481478576492,0.08904733362268419,0.08894915533230925,0.0888336062622409,0.08909720055982173,0.0895221471213571,0.08955606644286014,0.08935211684750646,0.08913875748899794,0.08892163303946984,0.08881896124085215,0.08909548070924526,0.08952779321251576,0.08984042540086798,0.09023777156764597,0.09076704542123475,0.09132707798220113,0.09135935948682473,0.0907397869832243,0.09001591939712207,0.08957731705745836,0.08932196710006736,0.0891420862195706,0.08902382752724229,0.08883916994462236,0.08832626368960876,0.08764768708212871,0.08719789191132556,0.08693485322955505,0.08673024429684163,0.08653212645476377,0.08631673297371312,0.08606755783354685,0.08576838143134727,0.08540688514904154,0.0850229540993645,0.08477489333565424,0.0847008980428387,0.08471374603564802,0.08477143396480714,0.08486365094382377,0.08498792150149398,0.08514223149381234,0.08532734023537995,0.08554849239303144,0.08581822331614354,0.08615883860485883,0.0865971272370179,0.08713878451718973,0.08775202433949376,0.08840029245855915,0.08907139916064744,0.08977842909265,0.09056377943340495,0.09152628182292431,0.09273110169536512,0.0938176789632845,0.09462231241177561,0.09526009113705886,0.09580824076448573
NMG_MATLAB_2000_dt_5.50e-06_Nx_512_neumann_dt_out_1025p_SAV_MATLAB_2000_dt_5.50e-06_Nx_512_neumann_dt_out_1025p,0.0,0.008897208451019536,0.006344086665873961,0.0072071052086082115,0.010416308135396353,0.015417434121532547,0.021347160479542958,0.026798356009251602,0.03133408155834634,0.03540391449151413,0.0387922668479797,0.041010180795499895,0.04205413265198279,0.042320989467027524,0.04234197218559635,0.04260751670591845,0.04369371663194689,0.04590259003247707,0.049005220007504895,0.05247890619804769,0.05556098917723428,0.05803914890523921,0.059923443593975355,0.0612529671728803,0.0620658782693376,0.06276674502122172,0.06373964766024266,0.06466037449160597,0.06493397493405667,0.06494745156536752,0.06511146342827917,0.06527794432121001,0.06543473581078897,0.06552534449694243,0.06542481144371098,0.0651318889728009,0.06473499171448421,0.0645551098103873,0.06461228861752916,0.06474682823608034,0.06524421153642186,0.06551924222144467,0.06510527371745231,0.06474085597724907,0.06464629245353569,0.06475651145609067,0.06516431877172288,0.06558819845360887,0.06597056799086493,0.06626294625896917,0.06629510578815463,0.06595054700189068,0.0655688154356934,0.0654058734102732,0.06533275449693358,0.06528246448613792,0.06529155480113916,0.0655526433039497,0.06571476119960255,0.06556646525265133,0.06565028679113347,0.06612997977994059,0.0669760928915044,0.0677525900183208,0.06816364217753111,0.06819600350273189,0.06815220833001093,0.0682749893025403,0.06849505808058388,0.0688366158882737,0.06933995399544121,0.06960056317471082,0.06966102397088872,0.07009655167757825,0.0705020183515359,0.07069592490026494,0.0707459319390406,0.07071499264824549,0.07069516675877446,0.0708186058706713,0.07101783604210987,0.07123681718891192,0.07155700585615334,0.07200569671500746,0.0721509972891983,0.07174821225986212,0.07109448248669761,0.07083482662427742,0.07096906899123627,0.07121599496378875,0.07138764297780333,0.07166493125174977,0.07207333181053949,0.0725736915429225,0.07315542012157787,0.07384055708760082,0.07467589651199835,0.07573728733383149,0.07706022168100046,0.07848016556933954,0.0801123611278238,0.08201205989555789,0.08424375762874742,0.08656174426895552,0.0882341737627535,0.08951248982964496,0.09119751381590083,0.09357899212942596,0.09573842877237533,0.09752020381517078,0.09910335010183521,0.1000019734359954,0.1004287420530955,0.10129475241353135,0.1025719141856004,0.10343379360975613,0.10396651568450964,0.10472612143032146,0.10576456637325644,0.10656317403573864,0.10648406040284662,0.10582798113802233,0.10513021410373086,0.10460996441606739,0.10417958313553859,0.10390714945596626,0.10411948165694004,0.10464180766063137,0.10504120846462844,0.10504498418853325,0.10472266185270578,0.10426413491402937,0.10394240841632228,0.10418756113482874,0.10516096559814762,0.10658880410769331,0.10783616391443704,0.10903368704226467,0.1100428221831743,0.11089264807998919,0.11191197800533324,0.11289119167847225,0.11359505466034107,0.11428198152634425,0.11546102999877039,0.11701293338002645,0.11818228948221032,0.11864089456020496,0.1186468498571897,0.11843183001604939,0.11804803705653635,0.11769722440260097,0.11762283251610664,0.11772198467394236,0.11785280097765692,0.11807448479789379,0.11841237298985863,0.1187125397366124,0.11879695112199969,0.11887171698630908,0.11913084148447603,0.11944316596947646,0.11987499519085819,0.12044042040341646,0.1208072758248429,0.12084283234321537,0.12059338669266255,0.12028531665699356,0.12024489327403048,0.12039334946711526,0.12062436335752007,0.12091623116108025,0.12129501174994807,0.12184467294034998,0.1225735924538285,0.1231533349841183,0.12348443908194541,0.12366155819024353,0.1237493913932146,0.12378005604306991,0.12377088508950067,0.12373525375702095,0.12368536995030006,0.12363681842032848,0.1236097327613666,0.12361851014538594,0.12365177043388494,0.12367922062449212,0.1236777188614741,0.12363614512707526,0.12354831513397371,0.12340925113750192,0.12322820936257822,0.123085766660846,0.12307401921780095,0.12315352630270146,0.12328091322953681,0.12344226292959394,0.12363381168325112,0.12385486905053371,0.12410699171799479
